customer_id,gender,age,city,customer_segment
C00001,Male,31,Riyadh,New
C00002,Female,38,Dammam,Regular
C00003,Female,46,Khobar,Regular
C00004,Female,29,Jeddah,Regular
C00005,Male,47,Madinah,Regular
C00006,Male,24,Jeddah,Occasional
C00007,Male,53,Riyadh,New
C00008,Female,50,Madinah,New
C00009,Female,25,Madinah,New
C00010,Female,27,Riyadh,Regular
C00011,Male,28,Riyadh,New
C00012,Female,43,Riyadh,Regular
C00013,Female,40,Riyadh,New
C00014,Male,38,Tabuk,Regular
C00015,Male,25,Dammam,Regular
C00016,Male,32,Jeddah,New
C00017,Male,23,Madinah,New
C00018,Male,26,Jeddah,Occasional
C00019,Male,42,Jeddah,Occasional
C00020,Male,50,Abha,Regular
C00021,Female,42,Madinah,Occasional
C00022,Male,30,Madinah,Occasional
C00023,Male,59,Jeddah,Premium
C00024,Male,39,Makkah,Regular
C00025,Male,68,Riyadh,Regular
C00026,Female,44,Dammam,Occasional
C00027,Male,34,Tabuk,Regular
C00028,Male,20,Riyadh,Regular
C00029,Female,42,Makkah,Regular
C00030,Male,24,Jeddah,Occasional
C00031,Female,32,Riyadh,Occasional
C00032,Male,42,Makkah,Occasional
C00033,Male,41,Riyadh,Regular
C00034,Female,36,Dammam,Regular
C00035,Female,33,Riyadh,Regular
C00036,Female,31,Abha,New
C00037,Male,40,Riyadh,Regular
C00038,Male,70,Riyadh,Regular
C00039,Female,43,Riyadh,Occasional
C00040,Male,67,Abha,Regular
C00041,Male,45,Khobar,Occasional
C00042,Male,36,Makkah,Regular
C00043,Male,25,Jeddah,Occasional
C00044,Female,44,Jeddah,Premium
C00045,Male,37,Riyadh,Regular
C00046,Female,39,Dammam,Regular
C00047,Male,35,Riyadh,Occasional
C00048,Male,38,Tabuk,New
C00049,Male,32,Makkah,Regular
C00050,Male,40,Jeddah,Occasional
C00051,Female,25,Riyadh,Occasional
C00052,Female,45,Makkah,New
C00053,Female,27,Riyadh,Occasional
C00054,Female,23,Riyadh,Premium
C00055,Female,34,Riyadh,Occasional
C00056,Female,42,Dammam,Regular
C00057,Male,32,Makkah,Premium
C00058,Male,27,Jeddah,Regular
C00059,Male,41,Riyadh,New
C00060,Male,27,Jeddah,New
C00061,Male,58,Makkah,Occasional
C00062,Male,63,Riyadh,New
C00063,Female,38,Riyadh,Occasional
C00064,Male,27,Abha,Premium
C00065,Male,49,Abha,Regular
C00066,Male,24,Tabuk,Premium
C00067,Male,39,Makkah,Premium
C00068,Female,28,Riyadh,Regular
C00069,Male,62,Riyadh,Regular
C00070,Female,21,Jeddah,Occasional
C00071,Female,36,Jeddah,New
C00072,Male,54,Abha,Occasional
C00073,Male,40,Makkah,New
C00074,Female,19,Makkah,Regular
C00075,Female,57,Riyadh,New
C00076,Female,35,Abha,Regular
C00077,Female,39,Madinah,Regular
C00078,Male,33,Riyadh,New
C00079,Male,36,Madinah,Regular
C00080,Male,31,Riyadh,Regular
C00081,Female,22,Riyadh,Regular
C00082,Female,19,Khobar,Occasional
C00083,Male,52,Khobar,New
C00084,Male,30,Riyadh,Premium
C00085,Male,28,Jeddah,New
C00086,Male,38,Tabuk,Premium
C00087,Female,46,Khobar,Regular
C00088,Female,20,Makkah,Regular
C00089,Female,41,Riyadh,Occasional
C00090,Male,20,Riyadh,Premium
C00091,Male,22,Riyadh,Occasional
C00092,Female,22,Riyadh,Regular
C00093,Female,54,Riyadh,Regular
C00094,Female,23,Riyadh,Occasional
C00095,Female,23,Dammam,Regular
C00096,Male,28,Jeddah,Regular
C00097,Male,50,Madinah,Regular
C00098,Male,27,Riyadh,Occasional
C00099,Male,31,Jeddah,Occasional
C00100,Male,24,Riyadh,Premium
C00101,Male,28,Jeddah,Regular
C00102,Female,36,Riyadh,Regular
C00103,Male,41,Tabuk,Regular
C00104,Male,27,Makkah,New
C00105,Female,25,Jeddah,Occasional
C00106,Male,19,Riyadh,Occasional
C00107,Male,34,Dammam,Regular
C00108,Female,18,Makkah,Occasional
C00109,Male,52,Riyadh,Occasional
C00110,Male,69,Dammam,Occasional
C00111,Male,69,Makkah,Occasional
C00112,Male,50,Makkah,Occasional
C00113,Female,40,Makkah,Occasional
C00114,Female,35,Madinah,Regular
C00115,Female,26,Abha,Occasional
C00116,Female,38,Jeddah,Regular
C00117,Female,37,Dammam,Occasional
C00118,Male,35,Makkah,Occasional
C00119,Female,52,Khobar,Occasional
C00120,Male,31,Tabuk,Regular
C00121,Female,28,Riyadh,Regular
C00122,Female,70,Jeddah,Premium
C00123,Male,21,Riyadh,Occasional
C00124,Male,43,Riyadh,New
C00125,Male,65,Riyadh,Occasional
C00126,Male,38,Khobar,Regular
C00127,Female,35,Riyadh,New
C00128,Female,34,Makkah,New
C00129,Male,25,Khobar,Regular
C00130,Male,45,Riyadh,Occasional
C00131,Male,35,Riyadh,Occasional
C00132,Male,38,Dammam,Occasional
C00133,Male,18,Makkah,New
C00134,Male,19,Madinah,Regular
C00135,Female,58,Madinah,Occasional
C00136,Male,31,Tabuk,Occasional
C00137,Male,36,Dammam,New
C00138,Female,22,Abha,New
C00139,Male,41,Makkah,New
C00140,Female,63,Madinah,Regular
C00141,Female,40,Riyadh,Occasional
C00142,Male,21,Tabuk,Regular
C00143,Male,40,Jeddah,Regular
C00144,Male,48,Makkah,Regular
C00145,Male,31,Riyadh,Occasional
C00146,Male,53,Jeddah,New
C00147,Female,37,Riyadh,Regular
C00148,Male,47,Riyadh,Premium
C00149,Male,36,Riyadh,Occasional
C00150,Male,18,Makkah,Occasional
C00151,Female,25,Riyadh,New
C00152,Male,27,Jeddah,Regular
C00153,Male,68,Riyadh,Premium
C00154,Male,51,Dammam,Regular
C00155,Female,43,Riyadh,Premium
C00156,Male,26,Riyadh,Regular
C00157,Female,31,Jeddah,Regular
C00158,Female,45,Khobar,Regular
C00159,Male,36,Riyadh,Regular
C00160,Female,30,Riyadh,New
C00161,Male,39,Riyadh,Regular
C00162,Female,21,Tabuk,Regular
C00163,Female,26,Jeddah,New
C00164,Male,35,Dammam,Occasional
C00165,Male,24,Riyadh,Occasional
C00166,Female,60,Jeddah,Occasional
C00167,Male,32,Riyadh,Occasional
C00168,Male,20,Riyadh,New
C00169,Male,32,Jeddah,Occasional
C00170,Female,46,Jeddah,New
C00171,Female,32,Riyadh,Regular
C00172,Male,40,Khobar,Regular
C00173,Male,18,Tabuk,New
C00174,Male,21,Jeddah,Regular
C00175,Female,31,Dammam,New
C00176,Male,46,Tabuk,Premium
C00177,Female,52,Madinah,Regular
C00178,Male,18,Jeddah,New
C00179,Female,41,Makkah,Regular
C00180,Male,58,Riyadh,New
C00181,Male,33,Jeddah,New
C00182,Male,48,Riyadh,New
C00183,Female,21,Riyadh,Occasional
C00184,Female,58,Jeddah,Occasional
C00185,Male,53,Riyadh,New
C00186,Female,68,Khobar,Occasional
C00187,Female,42,Jeddah,Occasional
C00188,Female,28,Dammam,New
C00189,Male,68,Riyadh,Occasional
C00190,Male,32,Riyadh,New
C00191,Male,32,Dammam,Premium
C00192,Female,41,Tabuk,Regular
C00193,Female,54,Riyadh,Regular
C00194,Female,67,Riyadh,Regular
C00195,Male,30,Madinah,Occasional
C00196,Male,52,Riyadh,Regular
C00197,Female,51,Madinah,New
C00198,Female,22,Dammam,Regular
C00199,Female,28,Jeddah,Regular
C00200,Female,26,Jeddah,Regular
C00201,Female,32,Riyadh,Occasional
C00202,Male,63,Jeddah,Premium
C00203,Male,38,Madinah,Regular
C00204,Female,38,Makkah,Occasional
C00205,Female,59,Khobar,Regular
C00206,Male,26,Makkah,Regular
C00207,Male,51,Riyadh,Occasional
C00208,Female,29,Dammam,Premium
C00209,Male,50,Jeddah,Regular
C00210,Male,28,Makkah,Premium
C00211,Male,62,Jeddah,Regular
C00212,Female,32,Khobar,Occasional
C00213,Female,29,Madinah,Premium
C00214,Male,50,Jeddah,New
C00215,Female,27,Riyadh,New
C00216,Male,35,Jeddah,Regular
C00217,Male,33,Jeddah,New
C00218,Female,53,Khobar,Regular
C00219,Female,27,Abha,Premium
C00220,Female,21,Jeddah,Premium
C00221,Female,31,Jeddah,Regular
C00222,Female,36,Khobar,Occasional
C00223,Male,27,Riyadh,Regular
C00224,Male,30,Riyadh,Occasional
C00225,Male,32,Abha,Occasional
C00226,Male,24,Khobar,Regular
C00227,Female,35,Riyadh,Occasional
C00228,Male,48,Riyadh,New
C00229,Female,25,Khobar,Premium
C00230,Female,36,Makkah,Regular
C00231,Female,42,Madinah,Regular
C00232,Male,30,Riyadh,Regular
C00233,Female,43,Abha,Regular
C00234,Male,26,Dammam,Regular
C00235,Male,37,Khobar,Occasional
C00236,Female,18,Dammam,Occasional
C00237,Male,43,Riyadh,Occasional
C00238,Male,40,Tabuk,Regular
C00239,Female,23,Riyadh,Regular
C00240,Male,27,Riyadh,Regular
C00241,Female,59,Makkah,Regular
C00242,Female,26,Dammam,New
C00243,Female,41,Madinah,Regular
C00244,Male,64,Jeddah,Premium
C00245,Male,42,Jeddah,Regular
C00246,Female,40,Abha,Occasional
C00247,Male,52,Riyadh,Occasional
C00248,Female,46,Madinah,Regular
C00249,Female,37,Riyadh,Regular
C00250,Female,41,Madinah,Regular
C00251,Male,34,Riyadh,Occasional
C00252,Male,66,Dammam,New
C00253,Female,35,Madinah,Occasional
C00254,Male,24,Jeddah,Occasional
C00255,Male,50,Makkah,Regular
C00256,Female,42,Makkah,Regular
C00257,Female,24,Makkah,Occasional
C00258,Female,38,Abha,Regular
C00259,Female,27,Jeddah,New
C00260,Male,47,Riyadh,Regular
C00261,Female,28,Riyadh,Premium
C00262,Female,53,Riyadh,Occasional
C00263,Male,43,Riyadh,Premium
C00264,Male,22,Dammam,Regular
C00265,Female,56,Riyadh,Regular
C00266,Female,39,Riyadh,Occasional
C00267,Female,25,Riyadh,Regular
C00268,Female,38,Madinah,Premium
C00269,Male,46,Dammam,Occasional
C00270,Male,32,Jeddah,Regular
C00271,Female,28,Madinah,New
C00272,Female,22,Riyadh,Regular
C00273,Female,28,Tabuk,Occasional
C00274,Female,49,Dammam,Regular
C00275,Male,39,Riyadh,Occasional
C00276,Male,29,Khobar,Occasional
C00277,Female,27,Makkah,New
C00278,Female,31,Jeddah,Premium
C00279,Female,57,Madinah,Regular
C00280,Female,26,Riyadh,Occasional
C00281,Female,57,Riyadh,Premium
C00282,Male,37,Riyadh,Regular
C00283,Male,32,Riyadh,New
C00284,Male,48,Riyadh,Regular
C00285,Female,37,Abha,New
C00286,Male,44,Riyadh,Premium
C00287,Male,70,Jeddah,Occasional
C00288,Male,22,Dammam,Occasional
C00289,Male,21,Madinah,Regular
C00290,Female,43,Tabuk,New
C00291,Male,32,Makkah,Regular
C00292,Male,31,Tabuk,New
C00293,Female,24,Makkah,Occasional
C00294,Male,22,Tabuk,Regular
C00295,Male,49,Khobar,New
C00296,Male,21,Riyadh,Regular
C00297,Female,41,Jeddah,Occasional
C00298,Male,35,Khobar,Regular
C00299,Female,30,Jeddah,New
C00300,Male,24,Riyadh,Occasional
C00301,Male,52,Dammam,Regular
C00302,Male,24,Abha,Occasional
C00303,Male,46,Riyadh,Regular
C00304,Female,51,Makkah,Regular
C00305,Female,30,Makkah,Regular
C00306,Female,39,Tabuk,Premium
C00307,Male,38,Abha,Regular
C00308,Male,25,Makkah,Regular
C00309,Female,46,Dammam,Regular
C00310,Male,51,Riyadh,Regular
C00311,Male,34,Dammam,Regular
C00312,Male,37,Makkah,Occasional
C00313,Male,59,Madinah,Occasional
C00314,Female,62,Makkah,Regular
C00315,Female,42,Riyadh,New
C00316,Female,40,Dammam,Occasional
C00317,Male,29,Jeddah,Occasional
C00318,Male,67,Riyadh,Regular
C00319,Male,19,Riyadh,Premium
C00320,Male,43,Riyadh,New
C00321,Male,25,Madinah,Occasional
C00322,Female,26,Riyadh,Regular
C00323,Female,25,Riyadh,Regular
C00324,Male,66,Abha,Occasional
C00325,Female,21,Jeddah,Occasional
C00326,Female,38,Riyadh,New
C00327,Female,22,Riyadh,Regular
C00328,Female,29,Riyadh,Regular
C00329,Male,32,Riyadh,Premium
C00330,Male,37,Riyadh,Regular
C00331,Male,30,Dammam,Premium
C00332,Female,27,Riyadh,New
C00333,Male,22,Jeddah,Regular
C00334,Male,26,Madinah,Occasional
C00335,Male,62,Jeddah,Premium
C00336,Male,55,Abha,Regular
C00337,Female,33,Jeddah,Regular
C00338,Female,41,Jeddah,Regular
C00339,Male,66,Makkah,Occasional
C00340,Male,19,Riyadh,Regular
C00341,Male,48,Riyadh,Regular
C00342,Male,57,Khobar,Premium
C00343,Male,23,Jeddah,Premium
C00344,Male,33,Makkah,Occasional
C00345,Male,69,Abha,Regular
C00346,Female,43,Jeddah,Occasional
C00347,Female,21,Dammam,Occasional
C00348,Male,34,Jeddah,Regular
C00349,Male,29,Tabuk,Regular
C00350,Female,43,Madinah,Occasional
C00351,Male,46,Abha,Occasional
C00352,Female,56,Riyadh,Regular
C00353,Female,29,Makkah,Premium
C00354,Male,35,Riyadh,Premium
C00355,Male,42,Riyadh,Regular
C00356,Female,29,Abha,Premium
C00357,Male,34,Riyadh,Regular
C00358,Female,56,Tabuk,Regular
C00359,Female,53,Riyadh,Regular
C00360,Female,36,Makkah,Regular
C00361,Male,41,Riyadh,New
C00362,Female,32,Jeddah,Occasional
C00363,Male,40,Riyadh,New
C00364,Male,41,Dammam,Regular
C00365,Female,35,Jeddah,Occasional
C00366,Male,58,Khobar,Regular
C00367,Female,41,Riyadh,Occasional
C00368,Female,25,Riyadh,Regular
C00369,Male,45,Riyadh,Premium
C00370,Male,30,Jeddah,New
C00371,Male,28,Makkah,Occasional
C00372,Male,27,Madinah,New
C00373,Male,29,Riyadh,Regular
C00374,Female,53,Dammam,Regular
C00375,Male,44,Makkah,Regular
C00376,Male,54,Riyadh,Occasional
C00377,Female,44,Jeddah,Occasional
C00378,Male,27,Dammam,New
C00379,Female,49,Riyadh,Premium
C00380,Male,34,Riyadh,Occasional
C00381,Male,29,Riyadh,Regular
C00382,Female,43,Dammam,Regular
C00383,Female,34,Riyadh,Regular
C00384,Female,20,Riyadh,Regular
C00385,Female,38,Jeddah,Regular
C00386,Female,35,Riyadh,Regular
C00387,Male,34,Riyadh,Regular
C00388,Male,59,Abha,Regular
C00389,Female,35,Riyadh,Regular
C00390,Female,50,Khobar,Regular
C00391,Female,21,Jeddah,Premium
C00392,Male,44,Khobar,New
C00393,Male,54,Dammam,New
C00394,Female,41,Riyadh,Regular
C00395,Male,35,Madinah,New
C00396,Female,34,Jeddah,Occasional
C00397,Female,21,Madinah,Premium
C00398,Male,43,Jeddah,Regular
C00399,Female,25,Tabuk,New
C00400,Female,53,Makkah,Occasional
C00401,Male,32,Tabuk,Occasional
C00402,Female,59,Jeddah,New
C00403,Male,60,Jeddah,Regular
C00404,Female,31,Makkah,Premium
C00405,Male,28,Madinah,Regular
C00406,Female,50,Tabuk,Premium
C00407,Male,61,Jeddah,Regular
C00408,Male,30,Makkah,Regular
C00409,Female,30,Riyadh,Regular
C00410,Male,36,Dammam,Regular
C00411,Male,39,Riyadh,Regular
C00412,Female,27,Jeddah,Regular
C00413,Female,51,Abha,Regular
C00414,Female,21,Riyadh,Regular
C00415,Female,18,Dammam,Occasional
C00416,Male,30,Dammam,New
C00417,Male,30,Riyadh,Regular
C00418,Male,31,Jeddah,Premium
C00419,Female,42,Dammam,New
C00420,Female,27,Riyadh,Regular
C00421,Female,30,Makkah,Occasional
C00422,Female,34,Tabuk,Regular
C00423,Male,56,Riyadh,Occasional
C00424,Male,33,Riyadh,New
C00425,Male,26,Jeddah,Occasional
C00426,Male,37,Makkah,Regular
C00427,Male,66,Riyadh,New
C00428,Female,34,Riyadh,Occasional
C00429,Male,36,Dammam,Occasional
C00430,Male,43,Abha,Premium
C00431,Male,35,Jeddah,Occasional
C00432,Female,22,Jeddah,Regular
C00433,Female,35,Tabuk,Regular
C00434,Male,22,Khobar,Occasional
C00435,Male,42,Khobar,Regular
C00436,Female,52,Dammam,Occasional
C00437,Male,32,Tabuk,Occasional
C00438,Female,46,Khobar,Regular
C00439,Female,21,Madinah,Occasional
C00440,Male,49,Khobar,New
C00441,Male,35,Makkah,Regular
C00442,Female,31,Riyadh,Occasional
C00443,Male,22,Jeddah,Regular
C00444,Male,60,Makkah,Regular
C00445,Female,22,Riyadh,Regular
C00446,Female,25,Dammam,Regular
C00447,Female,25,Riyadh,Premium
C00448,Female,40,Makkah,New
C00449,Male,44,Riyadh,Occasional
C00450,Male,21,Madinah,Regular
C00451,Female,31,Dammam,Regular
C00452,Female,34,Riyadh,Regular
C00453,Male,34,Dammam,Regular
C00454,Female,25,Riyadh,Regular
C00455,Male,43,Jeddah,Regular
C00456,Male,28,Jeddah,Regular
C00457,Male,29,Riyadh,Regular
C00458,Male,26,Tabuk,Occasional
C00459,Male,68,Riyadh,Occasional
C00460,Male,66,Khobar,Regular
C00461,Male,54,Jeddah,Premium
C00462,Female,32,Khobar,Regular
C00463,Female,23,Jeddah,New
C00464,Female,26,Khobar,Occasional
C00465,Female,27,Makkah,Occasional
C00466,Male,43,Khobar,New
C00467,Male,46,Riyadh,Regular
C00468,Female,50,Khobar,New
C00469,Male,48,Riyadh,Regular
C00470,Female,31,Riyadh,Regular
C00471,Male,40,Jeddah,Occasional
C00472,Female,34,Jeddah,Regular
C00473,Male,23,Jeddah,Occasional
C00474,Female,43,Khobar,Regular
C00475,Male,23,Jeddah,Occasional
C00476,Female,33,Jeddah,Regular
C00477,Male,34,Riyadh,Premium
C00478,Female,38,Khobar,New
C00479,Female,45,Dammam,New
C00480,Male,26,Jeddah,New
C00481,Female,52,Khobar,Occasional
C00482,Female,34,Dammam,Occasional
C00483,Male,32,Jeddah,Occasional
C00484,Female,36,Jeddah,Regular
C00485,Female,38,Dammam,Regular
C00486,Female,55,Khobar,Regular
C00487,Male,31,Riyadh,New
C00488,Male,38,Riyadh,Regular
C00489,Female,42,Riyadh,New
C00490,Female,63,Dammam,Regular
C00491,Male,33,Madinah,Occasional
C00492,Female,47,Jeddah,Regular
C00493,Male,39,Riyadh,Regular
C00494,Male,30,Makkah,New
C00495,Male,40,Madinah,Regular
C00496,Male,34,Madinah,Regular
C00497,Female,42,Dammam,Regular
C00498,Male,50,Madinah,Regular
C00499,Female,40,Riyadh,Regular
C00500,Female,38,Riyadh,Occasional
C00501,Female,41,Riyadh,Regular
C00502,Male,23,Khobar,Occasional
C00503,Male,32,Riyadh,Regular
C00504,Female,37,Jeddah,Occasional
C00505,Female,31,Jeddah,Occasional
C00506,Male,27,Jeddah,Premium
C00507,Female,42,Madinah,Regular
C00508,Female,25,Riyadh,Premium
C00509,Female,25,Jeddah,Occasional
C00510,Female,40,Makkah,Occasional
C00511,Female,19,Riyadh,New
C00512,Male,63,Khobar,Regular
C00513,Female,48,Makkah,Regular
C00514,Female,40,Abha,Regular
C00515,Male,21,Madinah,Regular
C00516,Male,49,Jeddah,Regular
C00517,Male,45,Dammam,Premium
C00518,Female,50,Riyadh,Occasional
C00519,Female,18,Riyadh,Regular
C00520,Male,37,Riyadh,Occasional
C00521,Female,47,Jeddah,Regular
C00522,Male,36,Madinah,New
C00523,Female,38,Jeddah,New
C00524,Female,44,Dammam,New
C00525,Female,37,Jeddah,Occasional
C00526,Male,21,Jeddah,Occasional
C00527,Male,36,Tabuk,Occasional
C00528,Male,18,Riyadh,Regular
C00529,Male,27,Dammam,Occasional
C00530,Female,34,Jeddah,Occasional
C00531,Female,40,Riyadh,New
C00532,Female,18,Jeddah,Regular
C00533,Female,39,Makkah,Regular
C00534,Female,47,Riyadh,Occasional
C00535,Female,29,Riyadh,New
C00536,Female,22,Riyadh,Regular
C00537,Female,22,Makkah,Regular
C00538,Male,51,Makkah,Regular
C00539,Male,39,Dammam,Regular
C00540,Male,41,Jeddah,Premium
C00541,Female,18,Madinah,Regular
C00542,Female,39,Makkah,New
C00543,Male,46,Makkah,Premium
C00544,Female,49,Makkah,Regular
C00545,Female,42,Khobar,Occasional
C00546,Male,21,Jeddah,New
C00547,Male,21,Madinah,New
C00548,Female,19,Abha,Regular
C00549,Male,34,Riyadh,New
C00550,Female,20,Riyadh,Premium
C00551,Male,33,Abha,Occasional
C00552,Female,33,Riyadh,Occasional
C00553,Female,62,Madinah,Regular
C00554,Female,42,Jeddah,Regular
C00555,Female,52,Riyadh,Regular
C00556,Male,42,Riyadh,New
C00557,Male,18,Riyadh,Regular
C00558,Male,50,Riyadh,Occasional
C00559,Female,33,Jeddah,Regular
C00560,Female,42,Khobar,Regular
C00561,Female,27,Tabuk,New
C00562,Male,65,Jeddah,Occasional
C00563,Male,25,Jeddah,New
C00564,Male,26,Dammam,Regular
C00565,Male,65,Dammam,Regular
C00566,Female,24,Jeddah,Regular
C00567,Male,36,Riyadh,Regular
C00568,Male,41,Riyadh,Regular
C00569,Female,50,Riyadh,Occasional
C00570,Male,65,Riyadh,Regular
C00571,Male,56,Khobar,Regular
C00572,Female,24,Riyadh,Regular
C00573,Male,53,Madinah,Occasional
C00574,Female,41,Abha,Occasional
C00575,Female,38,Tabuk,Regular
C00576,Female,22,Abha,Regular
C00577,Male,35,Riyadh,Regular
C00578,Female,58,Jeddah,New
C00579,Male,58,Riyadh,New
C00580,Male,32,Makkah,Occasional
C00581,Male,21,Madinah,Premium
C00582,Female,28,Madinah,Regular
C00583,Male,46,Jeddah,Occasional
C00584,Male,44,Makkah,New
C00585,Female,41,Riyadh,New
C00586,Male,24,Riyadh,New
C00587,Male,28,Makkah,Premium
C00588,Male,40,Jeddah,New
C00589,Male,57,Tabuk,Occasional
C00590,Male,41,Riyadh,Occasional
C00591,Male,30,Madinah,Regular
C00592,Female,37,Jeddah,Regular
C00593,Male,21,Madinah,Regular
C00594,Male,64,Makkah,Regular
C00595,Female,29,Abha,Regular
C00596,Male,43,Riyadh,New
C00597,Female,30,Abha,Premium
C00598,Male,38,Riyadh,Regular
C00599,Male,41,Riyadh,Regular
C00600,Male,36,Jeddah,Regular
C00601,Male,28,Madinah,New
C00602,Male,29,Jeddah,Regular
C00603,Male,21,Madinah,Regular
C00604,Male,38,Makkah,New
C00605,Male,20,Riyadh,New
C00606,Male,43,Abha,Premium
C00607,Male,46,Riyadh,Occasional
C00608,Male,50,Madinah,Occasional
C00609,Male,32,Jeddah,Occasional
C00610,Female,42,Jeddah,Regular
C00611,Male,20,Jeddah,New
C00612,Female,41,Riyadh,Premium
C00613,Female,54,Jeddah,Regular
C00614,Male,28,Riyadh,Regular
C00615,Female,31,Riyadh,Regular
C00616,Female,54,Riyadh,New
C00617,Male,50,Jeddah,Occasional
C00618,Male,30,Makkah,Premium
C00619,Female,36,Dammam,Regular
C00620,Female,32,Madinah,Regular
C00621,Male,23,Dammam,New
C00622,Male,65,Khobar,Occasional
C00623,Male,51,Khobar,Occasional
C00624,Male,53,Jeddah,Occasional
C00625,Female,23,Khobar,Occasional
C00626,Male,53,Riyadh,Occasional
C00627,Male,33,Madinah,Regular
C00628,Female,30,Makkah,New
C00629,Male,36,Riyadh,Occasional
C00630,Male,21,Makkah,Occasional
C00631,Female,51,Riyadh,New
C00632,Female,37,Riyadh,Occasional
C00633,Male,31,Riyadh,Occasional
C00634,Male,33,Makkah,New
C00635,Male,34,Makkah,Regular
C00636,Male,23,Makkah,Regular
C00637,Male,44,Riyadh,Occasional
C00638,Male,46,Jeddah,Regular
C00639,Male,23,Khobar,Occasional
C00640,Male,22,Riyadh,Occasional
C00641,Male,40,Khobar,Occasional
C00642,Male,50,Riyadh,New
C00643,Male,33,Riyadh,Regular
C00644,Male,33,Jeddah,Occasional
C00645,Male,39,Khobar,Occasional
C00646,Female,29,Riyadh,Regular
C00647,Female,18,Riyadh,Regular
C00648,Female,52,Riyadh,New
C00649,Female,41,Riyadh,Occasional
C00650,Male,42,Riyadh,Occasional
C00651,Male,50,Jeddah,Regular
C00652,Male,37,Khobar,Regular
C00653,Female,31,Jeddah,Regular
C00654,Female,32,Makkah,Regular
C00655,Male,24,Khobar,New
C00656,Male,18,Riyadh,Premium
C00657,Male,41,Riyadh,New
C00658,Male,47,Madinah,New
C00659,Female,56,Riyadh,New
C00660,Female,36,Riyadh,Regular
C00661,Male,32,Riyadh,New
C00662,Female,18,Dammam,Regular
C00663,Female,47,Dammam,Premium
C00664,Male,37,Tabuk,Regular
C00665,Male,40,Madinah,New
C00666,Male,54,Jeddah,Premium
C00667,Male,35,Jeddah,Regular
C00668,Male,50,Riyadh,Premium
C00669,Male,21,Riyadh,Regular
C00670,Male,47,Riyadh,Premium
C00671,Male,48,Riyadh,New
C00672,Female,33,Riyadh,Occasional
C00673,Male,37,Riyadh,New
C00674,Male,25,Jeddah,Occasional
C00675,Male,57,Tabuk,New
C00676,Female,24,Dammam,Regular
C00677,Male,41,Tabuk,Occasional
C00678,Male,29,Jeddah,Occasional
C00679,Female,35,Jeddah,Regular
C00680,Female,32,Jeddah,Occasional
C00681,Female,34,Riyadh,Occasional
C00682,Male,42,Riyadh,Occasional
C00683,Male,64,Abha,Occasional
C00684,Female,34,Tabuk,Regular
C00685,Female,22,Riyadh,Occasional
C00686,Female,54,Riyadh,Regular
C00687,Female,36,Jeddah,Occasional
C00688,Male,64,Riyadh,Occasional
C00689,Female,20,Jeddah,New
C00690,Male,38,Riyadh,Premium
C00691,Male,25,Jeddah,Premium
C00692,Male,28,Riyadh,Premium
C00693,Male,39,Jeddah,Regular
C00694,Male,37,Riyadh,Occasional
C00695,Male,54,Jeddah,Occasional
C00696,Female,26,Tabuk,Occasional
C00697,Male,30,Jeddah,New
C00698,Female,32,Madinah,Regular
C00699,Male,61,Madinah,Premium
C00700,Male,25,Abha,Premium
C00701,Male,28,Makkah,New
C00702,Male,27,Khobar,Occasional
C00703,Male,40,Madinah,Occasional
C00704,Male,33,Riyadh,Regular
C00705,Male,63,Jeddah,Regular
C00706,Female,31,Tabuk,New
C00707,Male,53,Makkah,Premium
C00708,Female,22,Tabuk,Occasional
C00709,Male,43,Makkah,Regular
C00710,Female,68,Madinah,Premium
C00711,Female,31,Khobar,Occasional
C00712,Female,59,Makkah,Regular
C00713,Male,42,Dammam,Occasional
C00714,Male,69,Abha,Occasional
C00715,Male,41,Madinah,Regular
C00716,Female,33,Madinah,Occasional
C00717,Female,34,Khobar,Occasional
C00718,Female,25,Jeddah,Regular
C00719,Male,24,Riyadh,Occasional
C00720,Female,22,Abha,Occasional
C00721,Female,18,Dammam,Premium
C00722,Male,31,Riyadh,New
C00723,Male,45,Riyadh,Regular
C00724,Female,18,Madinah,New
C00725,Female,22,Madinah,New
C00726,Female,42,Makkah,Regular
C00727,Male,33,Khobar,Regular
C00728,Female,21,Jeddah,Regular
C00729,Male,30,Jeddah,Regular
C00730,Male,66,Riyadh,New
C00731,Male,54,Madinah,Occasional
C00732,Female,32,Riyadh,Regular
C00733,Female,40,Dammam,Occasional
C00734,Male,40,Jeddah,New
C00735,Male,38,Dammam,Occasional
C00736,Female,39,Abha,Occasional
C00737,Male,36,Riyadh,Occasional
C00738,Female,27,Makkah,Regular
C00739,Male,20,Riyadh,Regular
C00740,Male,39,Riyadh,Occasional
C00741,Male,49,Jeddah,Regular
C00742,Male,40,Riyadh,Occasional
C00743,Female,49,Makkah,Occasional
C00744,Male,66,Dammam,Occasional
C00745,Male,30,Riyadh,Regular
C00746,Female,42,Riyadh,Regular
C00747,Male,36,Dammam,Regular
C00748,Male,58,Makkah,Regular
C00749,Female,67,Jeddah,Regular
C00750,Female,40,Dammam,Occasional
C00751,Male,29,Makkah,Premium
C00752,Female,45,Dammam,Regular
C00753,Female,18,Riyadh,Regular
C00754,Male,47,Dammam,Regular
C00755,Male,56,Dammam,Regular
C00756,Female,33,Makkah,Regular
C00757,Female,41,Dammam,New
C00758,Male,29,Tabuk,Regular
C00759,Female,30,Riyadh,Occasional
C00760,Female,28,Abha,New
C00761,Male,45,Dammam,Regular
C00762,Male,58,Khobar,New
C00763,Male,63,Riyadh,Regular
C00764,Female,25,Jeddah,Regular
C00765,Male,54,Makkah,Regular
C00766,Female,47,Khobar,Premium
C00767,Female,29,Riyadh,Regular
C00768,Female,24,Dammam,Regular
C00769,Male,33,Riyadh,Occasional
C00770,Female,60,Tabuk,New
C00771,Male,37,Madinah,Premium
C00772,Female,41,Riyadh,Regular
C00773,Male,28,Madinah,Regular
C00774,Male,37,Abha,Regular
C00775,Female,23,Jeddah,Occasional
C00776,Male,31,Khobar,Regular
C00777,Male,41,Jeddah,Premium
C00778,Female,21,Khobar,Occasional
C00779,Female,51,Jeddah,New
C00780,Female,26,Jeddah,Regular
C00781,Female,35,Jeddah,Occasional
C00782,Male,26,Riyadh,Regular
C00783,Male,38,Madinah,Regular
C00784,Male,20,Jeddah,Regular
C00785,Male,24,Jeddah,Regular
C00786,Female,64,Madinah,New
C00787,Female,30,Jeddah,Regular
C00788,Male,50,Dammam,Regular
C00789,Male,67,Abha,Regular
C00790,Female,33,Madinah,Regular
C00791,Male,33,Riyadh,Occasional
C00792,Female,38,Jeddah,Regular
C00793,Male,63,Tabuk,Regular
C00794,Female,69,Jeddah,Occasional
C00795,Male,40,Jeddah,Regular
C00796,Female,46,Riyadh,Premium
C00797,Female,19,Riyadh,Premium
C00798,Female,68,Makkah,Regular
C00799,Female,65,Makkah,Premium
C00800,Female,30,Tabuk,Regular
C00801,Female,26,Makkah,Occasional
C00802,Male,21,Riyadh,Occasional
C00803,Female,29,Riyadh,Occasional
C00804,Female,52,Tabuk,New
C00805,Male,32,Jeddah,Regular
C00806,Female,21,Jeddah,New
C00807,Female,30,Abha,Regular
C00808,Female,58,Dammam,Regular
C00809,Male,35,Riyadh,Regular
C00810,Male,31,Madinah,Premium
C00811,Female,32,Tabuk,New
C00812,Female,63,Riyadh,Regular
C00813,Male,46,Madinah,Regular
C00814,Female,25,Jeddah,Regular
C00815,Female,21,Dammam,Premium
C00816,Male,22,Abha,Regular
C00817,Female,22,Tabuk,Premium
C00818,Male,44,Riyadh,Regular
C00819,Male,66,Riyadh,New
C00820,Male,35,Riyadh,Regular
C00821,Female,49,Dammam,Regular
C00822,Male,30,Riyadh,Occasional
C00823,Male,37,Jeddah,New
C00824,Male,51,Riyadh,Regular
C00825,Male,30,Jeddah,Regular
C00826,Female,28,Riyadh,New
C00827,Male,37,Madinah,Regular
C00828,Male,22,Riyadh,Regular
C00829,Female,27,Jeddah,Regular
C00830,Male,44,Madinah,New
C00831,Male,63,Makkah,New
C00832,Male,43,Riyadh,Occasional
C00833,Male,50,Riyadh,Regular
C00834,Male,30,Khobar,Regular
C00835,Male,48,Jeddah,Regular
C00836,Male,38,Makkah,New
C00837,Female,46,Jeddah,New
C00838,Male,34,Jeddah,Regular
C00839,Female,38,Jeddah,Occasional
C00840,Female,42,Makkah,Regular
C00841,Male,34,Abha,Regular
C00842,Female,19,Riyadh,Occasional
C00843,Male,18,Dammam,Regular
C00844,Female,23,Riyadh,Regular
C00845,Male,45,Jeddah,Premium
C00846,Male,26,Madinah,Occasional
C00847,Male,26,Jeddah,New
C00848,Female,50,Abha,New
C00849,Male,31,Dammam,Occasional
C00850,Female,37,Abha,Regular
C00851,Male,33,Makkah,Regular
C00852,Female,59,Riyadh,New
C00853,Male,49,Riyadh,Occasional
C00854,Female,48,Jeddah,Occasional
C00855,Male,33,Riyadh,Occasional
C00856,Male,52,Jeddah,Occasional
C00857,Male,21,Jeddah,Premium
C00858,Male,21,Abha,Regular
C00859,Female,21,Jeddah,Occasional
C00860,Male,36,Makkah,New
C00861,Female,43,Abha,Occasional
C00862,Male,37,Madinah,Regular
C00863,Male,21,Riyadh,Regular
C00864,Male,31,Jeddah,Occasional
C00865,Male,44,Jeddah,Occasional
C00866,Female,32,Jeddah,Occasional
C00867,Male,52,Jeddah,Regular
C00868,Male,28,Madinah,New
C00869,Female,51,Jeddah,Occasional
C00870,Female,44,Dammam,Occasional
C00871,Male,25,Tabuk,Regular
C00872,Male,30,Riyadh,Regular
C00873,Female,40,Jeddah,New
C00874,Male,50,Makkah,Premium
C00875,Male,26,Riyadh,Regular
C00876,Male,32,Dammam,Regular
C00877,Female,49,Riyadh,Occasional
C00878,Female,39,Madinah,Regular
C00879,Male,26,Jeddah,Regular
C00880,Male,38,Jeddah,New
C00881,Male,33,Dammam,Occasional
C00882,Female,43,Riyadh,Regular
C00883,Male,30,Riyadh,Regular
C00884,Male,65,Jeddah,New
C00885,Female,43,Jeddah,Regular
C00886,Male,38,Dammam,Occasional
C00887,Female,35,Dammam,Regular
C00888,Male,56,Dammam,New
C00889,Male,45,Khobar,Occasional
C00890,Male,42,Jeddah,Occasional
C00891,Female,43,Riyadh,Premium
C00892,Female,44,Makkah,New
C00893,Female,40,Madinah,Regular
C00894,Male,26,Riyadh,New
C00895,Female,40,Jeddah,Regular
C00896,Male,33,Jeddah,Occasional
C00897,Male,66,Dammam,Premium
C00898,Female,27,Khobar,Occasional
C00899,Male,63,Riyadh,Regular
C00900,Male,36,Makkah,Regular
C00901,Male,39,Riyadh,Regular
C00902,Male,36,Jeddah,Regular
C00903,Male,24,Madinah,Regular
C00904,Female,34,Jeddah,Regular
C00905,Male,24,Riyadh,New
C00906,Female,43,Tabuk,Regular
C00907,Female,31,Madinah,Occasional
C00908,Male,49,Makkah,Premium
C00909,Male,28,Jeddah,Occasional
C00910,Male,28,Riyadh,Regular
C00911,Female,34,Abha,New
C00912,Male,62,Dammam,Occasional
C00913,Female,44,Madinah,Regular
C00914,Male,34,Jeddah,Occasional
C00915,Female,44,Jeddah,Regular
C00916,Male,19,Tabuk,Occasional
C00917,Male,64,Dammam,Premium
C00918,Female,35,Riyadh,Regular
C00919,Female,29,Riyadh,Regular
C00920,Male,36,Jeddah,Occasional
C00921,Female,22,Riyadh,Regular
C00922,Male,65,Jeddah,Occasional
C00923,Female,33,Jeddah,Regular
C00924,Female,41,Makkah,Premium
C00925,Male,34,Jeddah,Occasional
C00926,Male,42,Tabuk,Occasional
C00927,Male,50,Riyadh,New
C00928,Male,43,Dammam,Occasional
C00929,Female,40,Riyadh,Occasional
C00930,Male,51,Makkah,Occasional
C00931,Male,24,Tabuk,Regular
C00932,Female,33,Makkah,Regular
C00933,Female,32,Dammam,Premium
C00934,Male,67,Jeddah,Regular
C00935,Male,25,Madinah,Regular
C00936,Male,48,Abha,New
C00937,Male,41,Tabuk,Regular
C00938,Female,32,Jeddah,Occasional
C00939,Male,31,Tabuk,Occasional
C00940,Female,27,Riyadh,Regular
C00941,Male,28,Riyadh,Premium
C00942,Female,31,Riyadh,Regular
C00943,Female,24,Riyadh,Occasional
C00944,Female,50,Makkah,New
C00945,Male,63,Madinah,Regular
C00946,Male,33,Makkah,New
C00947,Male,31,Dammam,Regular
C00948,Female,23,Jeddah,Occasional
C00949,Female,35,Khobar,Occasional
C00950,Female,45,Jeddah,Premium
C00951,Female,23,Madinah,Premium
C00952,Female,26,Khobar,Premium
C00953,Male,52,Khobar,Regular
C00954,Female,35,Dammam,Occasional
C00955,Male,22,Madinah,Regular
C00956,Male,36,Riyadh,Occasional
C00957,Male,32,Jeddah,Regular
C00958,Male,30,Makkah,Occasional
C00959,Male,54,Jeddah,Occasional
C00960,Female,46,Madinah,Occasional
C00961,Male,26,Jeddah,Regular
C00962,Female,65,Jeddah,Regular
C00963,Male,31,Madinah,Occasional
C00964,Male,49,Jeddah,Regular
C00965,Male,39,Jeddah,Regular
C00966,Male,52,Jeddah,Regular
C00967,Female,66,Riyadh,Occasional
C00968,Male,21,Khobar,Occasional
C00969,Female,61,Riyadh,Occasional
C00970,Male,53,Madinah,Regular
C00971,Female,48,Makkah,Regular
C00972,Female,34,Riyadh,New
C00973,Female,48,Khobar,Regular
C00974,Male,46,Dammam,Regular
C00975,Male,27,Riyadh,Occasional
C00976,Male,55,Riyadh,Regular
C00977,Female,18,Jeddah,Regular
C00978,Male,24,Khobar,Regular
C00979,Male,39,Dammam,Regular
C00980,Female,37,Dammam,Regular
C00981,Male,41,Makkah,New
C00982,Female,23,Makkah,Regular
C00983,Male,56,Dammam,Regular
C00984,Male,20,Makkah,Occasional
C00985,Female,18,Jeddah,New
C00986,Male,19,Madinah,Regular
C00987,Female,41,Dammam,Occasional
C00988,Male,65,Madinah,Occasional
C00989,Male,43,Dammam,Regular
C00990,Female,50,Riyadh,Regular
C00991,Female,19,Dammam,Regular
C00992,Female,36,Jeddah,Occasional
C00993,Male,43,Khobar,Regular
C00994,Female,44,Jeddah,Regular
C00995,Male,23,Madinah,Occasional
C00996,Male,43,Khobar,Regular
C00997,Female,38,Khobar,New
C00998,Male,48,Riyadh,New
C00999,Female,36,Tabuk,Regular
C01000,Male,23,Madinah,New
C01001,Male,44,Makkah,Premium
C01002,Male,25,Jeddah,Premium
C01003,Female,54,Dammam,Regular
C01004,Female,38,Riyadh,Occasional
C01005,Female,34,Dammam,Occasional
C01006,Female,64,Riyadh,Regular
C01007,Female,42,Dammam,Regular
C01008,Female,19,Khobar,Regular
C01009,Male,42,Jeddah,New
C01010,Male,25,Jeddah,New
C01011,Male,45,Madinah,Occasional
C01012,Female,48,Riyadh,Occasional
C01013,Female,61,Makkah,Occasional
C01014,Male,43,Riyadh,Regular
C01015,Female,39,Riyadh,Regular
C01016,Female,46,Riyadh,Occasional
C01017,Male,21,Makkah,Regular
C01018,Female,41,Jeddah,Premium
C01019,Female,36,Madinah,New
C01020,Male,18,Dammam,Occasional
C01021,Female,33,Riyadh,Regular
C01022,Male,47,Khobar,Occasional
C01023,Female,52,Riyadh,New
C01024,Female,20,Makkah,Premium
C01025,Female,21,Riyadh,Regular
C01026,Male,27,Jeddah,Regular
C01027,Female,45,Makkah,Regular
C01028,Female,22,Abha,Occasional
C01029,Male,38,Jeddah,Regular
C01030,Female,18,Madinah,Premium
C01031,Male,44,Riyadh,Premium
C01032,Female,32,Makkah,Premium
C01033,Male,52,Khobar,Regular
C01034,Male,32,Riyadh,Occasional
C01035,Male,37,Jeddah,Regular
C01036,Female,30,Riyadh,Occasional
C01037,Male,41,Jeddah,Occasional
C01038,Female,53,Riyadh,Regular
C01039,Male,22,Khobar,Occasional
C01040,Male,53,Tabuk,Occasional
C01041,Male,40,Riyadh,Regular
C01042,Female,19,Dammam,Regular
C01043,Male,34,Dammam,Occasional
C01044,Female,34,Abha,New
C01045,Female,38,Jeddah,Regular
C01046,Female,45,Dammam,Regular
C01047,Male,18,Jeddah,Regular
C01048,Male,44,Riyadh,Premium
C01049,Female,49,Riyadh,Occasional
C01050,Male,67,Jeddah,Regular
C01051,Female,37,Riyadh,Regular
C01052,Male,59,Dammam,Regular
C01053,Female,39,Jeddah,Premium
C01054,Female,25,Dammam,Regular
C01055,Female,52,Riyadh,Regular
C01056,Male,39,Abha,Premium
C01057,Female,39,Madinah,Occasional
C01058,Male,43,Riyadh,New
C01059,Male,52,Jeddah,Regular
C01060,Female,45,Dammam,Regular
C01061,Female,27,Riyadh,Regular
C01062,Female,31,Jeddah,Regular
C01063,Female,35,Riyadh,Regular
C01064,Male,35,Abha,Regular
C01065,Male,29,Madinah,Occasional
C01066,Female,53,Dammam,Regular
C01067,Male,40,Dammam,Premium
C01068,Male,34,Abha,Occasional
C01069,Male,19,Abha,Occasional
C01070,Male,33,Tabuk,Regular
C01071,Male,70,Riyadh,Regular
C01072,Male,30,Riyadh,Regular
C01073,Male,29,Khobar,Regular
C01074,Male,39,Dammam,Regular
C01075,Female,27,Riyadh,Regular
C01076,Male,23,Riyadh,Regular
C01077,Male,30,Madinah,Occasional
C01078,Female,38,Madinah,Occasional
C01079,Male,44,Jeddah,Regular
C01080,Female,26,Madinah,Regular
C01081,Female,27,Dammam,Regular
C01082,Male,63,Makkah,Regular
C01083,Male,33,Jeddah,Regular
C01084,Female,30,Riyadh,New
C01085,Female,34,Jeddah,Occasional
C01086,Male,44,Jeddah,New
C01087,Female,53,Dammam,Occasional
C01088,Male,28,Riyadh,New
C01089,Female,39,Tabuk,Occasional
C01090,Male,19,Riyadh,New
C01091,Female,30,Riyadh,Regular
C01092,Female,53,Dammam,Premium
C01093,Female,29,Dammam,Occasional
C01094,Male,42,Jeddah,New
C01095,Male,25,Makkah,Regular
C01096,Male,49,Jeddah,Regular
C01097,Male,19,Dammam,Regular
C01098,Male,45,Makkah,Occasional
C01099,Female,34,Riyadh,Regular
C01100,Male,50,Dammam,Occasional
C01101,Male,31,Madinah,New
C01102,Female,39,Riyadh,New
C01103,Female,25,Jeddah,Regular
C01104,Female,60,Abha,Regular
C01105,Female,19,Jeddah,Regular
C01106,Male,29,Jeddah,Regular
C01107,Male,40,Tabuk,Regular
C01108,Female,20,Riyadh,Occasional
C01109,Female,34,Riyadh,Regular
C01110,Male,69,Madinah,New
C01111,Female,61,Madinah,New
C01112,Male,31,Jeddah,Premium
C01113,Male,56,Jeddah,New
C01114,Male,37,Madinah,Occasional
C01115,Female,30,Makkah,Regular
C01116,Female,37,Riyadh,Regular
C01117,Male,36,Riyadh,Regular
C01118,Female,58,Jeddah,Regular
C01119,Male,29,Madinah,Occasional
C01120,Male,44,Madinah,Premium
C01121,Female,18,Abha,Occasional
C01122,Female,20,Madinah,Regular
C01123,Female,20,Dammam,Premium
C01124,Female,60,Jeddah,Occasional
C01125,Female,49,Makkah,Occasional
C01126,Female,50,Makkah,Regular
C01127,Male,41,Dammam,Premium
C01128,Male,27,Riyadh,New
C01129,Male,29,Abha,Occasional
C01130,Male,32,Jeddah,Regular
C01131,Female,28,Jeddah,Regular
C01132,Male,54,Dammam,Regular
C01133,Male,36,Khobar,Premium
C01134,Male,21,Riyadh,Occasional
C01135,Female,19,Madinah,Occasional
C01136,Male,20,Riyadh,Occasional
C01137,Female,28,Riyadh,Regular
C01138,Male,58,Jeddah,New
C01139,Male,44,Makkah,Regular
C01140,Female,53,Tabuk,New
C01141,Female,44,Makkah,Premium
C01142,Male,30,Abha,Regular
C01143,Female,18,Riyadh,Occasional
C01144,Female,48,Riyadh,Regular
C01145,Male,53,Dammam,Occasional
C01146,Female,33,Riyadh,Occasional
C01147,Female,40,Madinah,Premium
C01148,Female,39,Khobar,Occasional
C01149,Female,37,Tabuk,Regular
C01150,Female,68,Riyadh,Regular
C01151,Female,39,Jeddah,New
C01152,Female,37,Jeddah,New
C01153,Female,22,Riyadh,Regular
C01154,Female,22,Dammam,Regular
C01155,Female,26,Jeddah,Regular
C01156,Female,23,Jeddah,Occasional
C01157,Male,53,Jeddah,New
C01158,Female,41,Riyadh,Regular
C01159,Female,23,Dammam,Occasional
C01160,Male,50,Jeddah,Regular
C01161,Female,29,Riyadh,Regular
C01162,Male,28,Jeddah,New
C01163,Male,32,Riyadh,Regular
C01164,Female,26,Jeddah,Regular
C01165,Male,32,Riyadh,Occasional
C01166,Female,35,Jeddah,Regular
C01167,Female,34,Khobar,Regular
C01168,Male,55,Dammam,New
C01169,Male,20,Makkah,Occasional
C01170,Male,22,Jeddah,Occasional
C01171,Female,23,Jeddah,Regular
C01172,Female,40,Makkah,Regular
C01173,Female,21,Jeddah,New
C01174,Male,51,Khobar,Regular
C01175,Female,41,Jeddah,Regular
C01176,Male,36,Jeddah,Regular
C01177,Female,36,Makkah,Regular
C01178,Male,26,Riyadh,Regular
C01179,Female,26,Jeddah,New
C01180,Male,33,Riyadh,New
C01181,Female,39,Jeddah,Occasional
C01182,Male,32,Riyadh,Occasional
C01183,Female,22,Dammam,New
C01184,Female,70,Makkah,Occasional
C01185,Male,22,Makkah,Premium
C01186,Female,49,Jeddah,Regular
C01187,Female,45,Tabuk,Premium
C01188,Male,30,Dammam,Premium
C01189,Male,21,Jeddah,Regular
C01190,Female,24,Madinah,Regular
C01191,Male,37,Makkah,Regular
C01192,Female,40,Makkah,Premium
C01193,Male,46,Riyadh,Regular
C01194,Female,62,Jeddah,Regular
C01195,Male,35,Madinah,Occasional
C01196,Female,33,Jeddah,Premium
C01197,Female,32,Khobar,Occasional
C01198,Female,45,Dammam,New
C01199,Female,34,Madinah,Occasional
C01200,Male,21,Riyadh,Occasional
C01201,Female,43,Dammam,New
C01202,Male,26,Riyadh,Regular
C01203,Male,57,Khobar,New
C01204,Male,36,Makkah,Occasional
C01205,Male,22,Riyadh,Occasional
C01206,Female,70,Khobar,Regular
C01207,Female,32,Jeddah,Regular
C01208,Male,26,Riyadh,Occasional
C01209,Male,34,Jeddah,Occasional
C01210,Female,19,Riyadh,Occasional
C01211,Male,35,Jeddah,Premium
C01212,Male,24,Jeddah,Regular
C01213,Male,26,Makkah,Regular
C01214,Female,34,Makkah,Regular
C01215,Female,49,Dammam,Regular
C01216,Male,49,Riyadh,Regular
C01217,Male,27,Abha,Regular
C01218,Female,27,Khobar,Regular
C01219,Female,27,Riyadh,Premium
C01220,Male,30,Makkah,New
C01221,Female,48,Riyadh,Occasional
C01222,Male,37,Dammam,Occasional
C01223,Male,26,Jeddah,Regular
C01224,Female,27,Jeddah,Occasional
C01225,Male,21,Madinah,Regular
C01226,Female,40,Jeddah,New
C01227,Male,21,Riyadh,Occasional
C01228,Male,62,Abha,Occasional
C01229,Female,47,Abha,New
C01230,Male,27,Khobar,Regular
C01231,Female,37,Jeddah,Premium
C01232,Male,62,Riyadh,Occasional
C01233,Male,38,Makkah,Premium
C01234,Male,25,Riyadh,Regular
C01235,Female,26,Riyadh,Occasional
C01236,Male,54,Dammam,Regular
C01237,Female,36,Riyadh,Occasional
C01238,Male,37,Riyadh,New
C01239,Female,50,Jeddah,Regular
C01240,Male,52,Riyadh,Regular
C01241,Female,70,Riyadh,Regular
C01242,Female,21,Riyadh,Regular
C01243,Female,35,Riyadh,Premium
C01244,Female,53,Khobar,Premium
C01245,Female,45,Makkah,Regular
C01246,Female,44,Jeddah,Regular
C01247,Male,26,Jeddah,Occasional
C01248,Male,47,Riyadh,New
C01249,Female,41,Riyadh,Occasional
C01250,Female,18,Riyadh,Regular
C01251,Female,37,Dammam,Regular
C01252,Male,32,Makkah,Occasional
C01253,Male,33,Dammam,Regular
C01254,Male,19,Jeddah,Premium
C01255,Female,31,Riyadh,Occasional
C01256,Male,38,Makkah,Regular
C01257,Male,38,Jeddah,Regular
C01258,Male,38,Makkah,New
C01259,Male,50,Jeddah,New
C01260,Female,28,Makkah,Regular
C01261,Male,22,Abha,Regular
C01262,Female,53,Abha,Occasional
C01263,Male,31,Dammam,Occasional
C01264,Male,62,Jeddah,Premium
C01265,Male,49,Riyadh,Occasional
C01266,Male,39,Abha,New
C01267,Male,67,Jeddah,Regular
C01268,Male,20,Riyadh,New
C01269,Female,31,Jeddah,New
C01270,Male,42,Riyadh,Regular
C01271,Female,33,Jeddah,Occasional
C01272,Female,69,Dammam,Regular
C01273,Female,23,Jeddah,Occasional
C01274,Male,36,Riyadh,Occasional
C01275,Male,37,Abha,Regular
C01276,Male,36,Makkah,Occasional
C01277,Male,34,Madinah,Occasional
C01278,Female,31,Jeddah,Regular
C01279,Male,46,Makkah,Regular
C01280,Male,26,Jeddah,Premium
C01281,Female,46,Riyadh,Occasional
C01282,Female,38,Riyadh,New
C01283,Female,45,Jeddah,Occasional
C01284,Male,36,Riyadh,Regular
C01285,Male,27,Tabuk,Regular
C01286,Male,41,Riyadh,Regular
C01287,Male,54,Jeddah,Regular
C01288,Male,25,Jeddah,Regular
C01289,Male,60,Jeddah,Regular
C01290,Male,37,Dammam,Regular
C01291,Male,20,Riyadh,New
C01292,Male,28,Makkah,Occasional
C01293,Female,67,Jeddah,Occasional
C01294,Female,28,Dammam,Regular
C01295,Female,51,Khobar,New
C01296,Male,47,Madinah,Occasional
C01297,Male,32,Madinah,New
C01298,Male,20,Dammam,Regular
C01299,Female,41,Jeddah,Regular
C01300,Female,26,Jeddah,Regular
C01301,Male,49,Makkah,Regular
C01302,Female,30,Madinah,Occasional
C01303,Male,44,Riyadh,New
C01304,Male,48,Jeddah,Regular
C01305,Female,34,Makkah,Premium
C01306,Female,29,Jeddah,Occasional
C01307,Female,33,Jeddah,Regular
C01308,Female,31,Jeddah,Occasional
C01309,Male,36,Dammam,Occasional
C01310,Female,45,Tabuk,Regular
C01311,Male,26,Jeddah,Occasional
C01312,Female,37,Riyadh,Regular
C01313,Male,36,Riyadh,New
C01314,Female,27,Riyadh,Occasional
C01315,Male,34,Dammam,New
C01316,Female,69,Dammam,Premium
C01317,Male,43,Riyadh,Regular
C01318,Female,38,Khobar,Premium
C01319,Male,43,Makkah,Regular
C01320,Male,20,Riyadh,New
C01321,Male,37,Jeddah,Regular
C01322,Male,35,Tabuk,Occasional
C01323,Female,39,Jeddah,Regular
C01324,Male,34,Makkah,Regular
C01325,Female,19,Jeddah,New
C01326,Male,26,Makkah,Regular
C01327,Male,58,Makkah,Occasional
C01328,Female,26,Khobar,Regular
C01329,Female,36,Madinah,New
C01330,Male,22,Abha,Occasional
C01331,Female,20,Dammam,Occasional
C01332,Female,39,Riyadh,Premium
C01333,Male,38,Jeddah,Regular
C01334,Female,36,Makkah,New
C01335,Female,34,Khobar,New
C01336,Female,46,Riyadh,Premium
C01337,Male,30,Riyadh,Regular
C01338,Female,31,Khobar,Regular
C01339,Male,44,Riyadh,Regular
C01340,Male,30,Jeddah,Occasional
C01341,Male,31,Makkah,Regular
C01342,Male,35,Dammam,Regular
C01343,Female,40,Riyadh,Occasional
C01344,Female,47,Riyadh,Regular
C01345,Female,25,Riyadh,Occasional
C01346,Male,21,Riyadh,New
C01347,Male,34,Dammam,Regular
C01348,Male,62,Jeddah,Occasional
C01349,Female,44,Riyadh,Regular
C01350,Male,38,Riyadh,Regular
C01351,Female,21,Riyadh,Premium
C01352,Female,44,Tabuk,Regular
C01353,Male,21,Jeddah,Regular
C01354,Female,40,Madinah,Regular
C01355,Male,68,Madinah,New
C01356,Female,63,Jeddah,Occasional
C01357,Female,39,Khobar,New
C01358,Male,44,Riyadh,Occasional
C01359,Male,68,Khobar,Regular
C01360,Female,42,Riyadh,Regular
C01361,Female,21,Madinah,Regular
C01362,Male,44,Riyadh,Regular
C01363,Female,33,Makkah,Occasional
C01364,Female,43,Riyadh,Regular
C01365,Female,39,Madinah,Regular
C01366,Male,40,Jeddah,Regular
C01367,Female,29,Khobar,Premium
C01368,Female,27,Jeddah,Regular
C01369,Male,42,Jeddah,Regular
C01370,Male,53,Khobar,Occasional
C01371,Female,38,Abha,Regular
C01372,Male,33,Riyadh,Occasional
C01373,Female,63,Abha,Regular
C01374,Male,61,Dammam,Premium
C01375,Male,32,Makkah,Occasional
C01376,Female,24,Jeddah,Occasional
C01377,Male,47,Jeddah,Regular
C01378,Male,49,Madinah,New
C01379,Male,57,Jeddah,Premium
C01380,Female,51,Dammam,Regular
C01381,Male,40,Riyadh,Occasional
C01382,Male,37,Riyadh,Occasional
C01383,Female,18,Khobar,Regular
C01384,Male,25,Khobar,Premium
C01385,Female,44,Dammam,New
C01386,Male,37,Riyadh,Regular
C01387,Female,44,Jeddah,Regular
C01388,Male,51,Jeddah,Regular
C01389,Female,27,Jeddah,New
C01390,Male,37,Madinah,Premium
C01391,Male,19,Makkah,Occasional
C01392,Male,33,Riyadh,Occasional
C01393,Male,48,Madinah,Regular
C01394,Male,44,Jeddah,Occasional
C01395,Male,67,Makkah,New
C01396,Female,30,Riyadh,Regular
C01397,Male,36,Khobar,Regular
C01398,Male,33,Riyadh,New
C01399,Female,31,Jeddah,Occasional
C01400,Female,54,Riyadh,Regular
C01401,Male,39,Riyadh,Occasional
C01402,Male,51,Riyadh,Occasional
C01403,Male,28,Riyadh,Occasional
C01404,Female,54,Riyadh,New
C01405,Female,22,Khobar,Regular
C01406,Male,51,Riyadh,Regular
C01407,Female,26,Dammam,Occasional
C01408,Female,31,Riyadh,Regular
C01409,Female,38,Abha,Occasional
C01410,Female,58,Abha,Regular
C01411,Male,18,Riyadh,Regular
C01412,Male,27,Dammam,Regular
C01413,Male,49,Riyadh,Occasional
C01414,Male,29,Abha,Occasional
C01415,Male,26,Dammam,Regular
C01416,Female,28,Riyadh,Regular
C01417,Male,25,Jeddah,Regular
C01418,Male,69,Riyadh,Occasional
C01419,Male,53,Jeddah,Regular
C01420,Female,35,Khobar,Occasional
C01421,Male,60,Jeddah,Regular
C01422,Male,41,Jeddah,Regular
C01423,Male,20,Riyadh,Occasional
C01424,Male,25,Riyadh,Premium
C01425,Female,31,Riyadh,Regular
C01426,Female,27,Makkah,Regular
C01427,Male,67,Riyadh,Premium
C01428,Female,54,Dammam,Regular
C01429,Female,30,Jeddah,Regular
C01430,Female,40,Riyadh,Occasional
C01431,Male,38,Dammam,Occasional
C01432,Male,66,Jeddah,Occasional
C01433,Male,50,Jeddah,Regular
C01434,Female,44,Dammam,Occasional
C01435,Male,48,Jeddah,Occasional
C01436,Male,42,Jeddah,Regular
C01437,Male,43,Dammam,Occasional
C01438,Female,19,Khobar,New
C01439,Male,24,Riyadh,Regular
C01440,Female,43,Jeddah,New
C01441,Female,33,Riyadh,Premium
C01442,Male,21,Riyadh,Regular
C01443,Female,39,Dammam,Regular
C01444,Male,18,Madinah,Occasional
C01445,Female,40,Madinah,Regular
C01446,Male,42,Riyadh,New
C01447,Female,55,Jeddah,Occasional
C01448,Female,36,Dammam,Occasional
C01449,Female,22,Riyadh,Regular
C01450,Female,35,Makkah,New
C01451,Male,49,Makkah,Occasional
C01452,Female,56,Abha,Regular
C01453,Female,34,Riyadh,Occasional
C01454,Female,34,Riyadh,Occasional
C01455,Male,68,Madinah,Occasional
C01456,Female,28,Khobar,Regular
C01457,Female,35,Madinah,Regular
C01458,Female,31,Riyadh,Premium
C01459,Male,22,Dammam,Regular
C01460,Female,26,Dammam,Occasional
C01461,Male,32,Riyadh,New
C01462,Female,35,Jeddah,New
C01463,Male,69,Dammam,Occasional
C01464,Female,31,Riyadh,Occasional
C01465,Female,45,Riyadh,Regular
C01466,Male,21,Khobar,Occasional
C01467,Female,40,Jeddah,Premium
C01468,Male,22,Madinah,Regular
C01469,Female,60,Jeddah,Occasional
C01470,Female,49,Riyadh,Regular
C01471,Female,36,Tabuk,Premium
C01472,Female,46,Abha,Occasional
C01473,Female,43,Riyadh,Regular
C01474,Male,59,Makkah,Premium
C01475,Male,39,Riyadh,Premium
C01476,Female,61,Riyadh,Regular
C01477,Female,40,Riyadh,Regular
C01478,Female,19,Riyadh,Occasional
C01479,Female,35,Makkah,Regular
C01480,Male,22,Khobar,Occasional
C01481,Female,38,Tabuk,Regular
C01482,Male,37,Khobar,Regular
C01483,Male,36,Jeddah,Occasional
C01484,Male,19,Khobar,Occasional
C01485,Male,26,Tabuk,Occasional
C01486,Male,38,Khobar,New
C01487,Male,56,Makkah,Regular
C01488,Female,28,Abha,Regular
C01489,Male,27,Riyadh,New
C01490,Male,43,Khobar,Premium
C01491,Male,41,Madinah,Premium
C01492,Male,27,Abha,Regular
C01493,Male,32,Riyadh,Occasional
C01494,Male,33,Jeddah,Regular
C01495,Female,67,Khobar,Regular
C01496,Female,24,Riyadh,Regular
C01497,Female,30,Dammam,Occasional
C01498,Male,21,Riyadh,Regular
C01499,Male,29,Jeddah,Regular
C01500,Female,52,Jeddah,Occasional
C01501,Male,27,Dammam,New
C01502,Male,19,Jeddah,Occasional
C01503,Male,37,Jeddah,Occasional
C01504,Male,21,Riyadh,Regular
C01505,Male,24,Riyadh,Regular
C01506,Male,52,Riyadh,Regular
C01507,Female,45,Riyadh,Occasional
C01508,Male,67,Dammam,Regular
C01509,Female,51,Makkah,Occasional
C01510,Female,43,Riyadh,New
C01511,Female,21,Riyadh,Premium
C01512,Female,47,Makkah,Premium
C01513,Female,47,Jeddah,Regular
C01514,Male,52,Abha,Regular
C01515,Male,38,Khobar,Regular
C01516,Male,32,Jeddah,New
C01517,Female,49,Riyadh,Premium
C01518,Female,37,Dammam,Regular
C01519,Male,69,Riyadh,Regular
C01520,Female,28,Riyadh,New
C01521,Male,28,Riyadh,Occasional
C01522,Female,32,Makkah,New
C01523,Male,50,Jeddah,New
C01524,Male,31,Riyadh,Regular
C01525,Male,18,Khobar,Regular
C01526,Male,69,Jeddah,Regular
C01527,Male,23,Jeddah,Regular
C01528,Male,47,Riyadh,Occasional
C01529,Female,27,Dammam,Premium
C01530,Male,47,Tabuk,Premium
C01531,Male,44,Riyadh,Occasional
C01532,Female,56,Riyadh,Occasional
C01533,Female,55,Riyadh,Occasional
C01534,Male,20,Riyadh,Regular
C01535,Male,19,Jeddah,Occasional
C01536,Male,25,Makkah,Regular
C01537,Male,38,Abha,Regular
C01538,Female,47,Riyadh,Occasional
C01539,Male,39,Dammam,New
C01540,Male,43,Dammam,Premium
C01541,Female,32,Dammam,Regular
C01542,Male,53,Jeddah,Regular
C01543,Female,70,Riyadh,Regular
C01544,Male,29,Jeddah,New
C01545,Female,42,Jeddah,Regular
C01546,Male,21,Makkah,Occasional
C01547,Female,39,Makkah,Occasional
C01548,Female,37,Riyadh,Occasional
C01549,Male,22,Riyadh,Regular
C01550,Female,27,Abha,Regular
C01551,Female,29,Dammam,Premium
C01552,Female,39,Madinah,Regular
C01553,Female,40,Riyadh,Regular
C01554,Female,18,Dammam,Occasional
C01555,Male,45,Dammam,Regular
C01556,Male,44,Madinah,Occasional
C01557,Female,30,Riyadh,Regular
C01558,Male,18,Riyadh,Occasional
C01559,Female,50,Jeddah,New
C01560,Female,56,Madinah,Regular
C01561,Male,32,Abha,New
C01562,Male,27,Tabuk,Occasional
C01563,Female,34,Abha,Occasional
C01564,Male,40,Riyadh,Occasional
C01565,Female,30,Riyadh,Regular
C01566,Male,28,Riyadh,Regular
C01567,Female,39,Jeddah,Premium
C01568,Male,36,Madinah,Regular
C01569,Female,34,Madinah,New
C01570,Male,34,Riyadh,Occasional
C01571,Female,42,Dammam,Regular
C01572,Male,19,Abha,Occasional
C01573,Female,24,Jeddah,Occasional
C01574,Female,54,Riyadh,Regular
C01575,Male,23,Jeddah,Premium
C01576,Male,41,Jeddah,Regular
C01577,Male,66,Dammam,New
C01578,Female,25,Jeddah,Occasional
C01579,Female,29,Riyadh,Regular
C01580,Male,41,Tabuk,Regular
C01581,Male,45,Dammam,Occasional
C01582,Male,56,Jeddah,New
C01583,Female,53,Abha,Occasional
C01584,Male,21,Riyadh,Occasional
C01585,Female,37,Riyadh,Regular
C01586,Male,30,Makkah,Regular
C01587,Female,41,Riyadh,Regular
C01588,Male,18,Makkah,Occasional
C01589,Male,29,Riyadh,Regular
C01590,Female,48,Riyadh,Occasional
C01591,Female,36,Jeddah,Regular
C01592,Female,27,Riyadh,Occasional
C01593,Male,29,Makkah,Regular
C01594,Male,46,Khobar,Regular
C01595,Female,48,Abha,Occasional
C01596,Female,25,Makkah,Premium
C01597,Male,21,Riyadh,New
C01598,Male,31,Makkah,Occasional
C01599,Male,69,Khobar,Regular
C01600,Female,37,Khobar,Occasional
C01601,Male,44,Madinah,New
C01602,Male,42,Dammam,Regular
C01603,Male,30,Jeddah,New
C01604,Male,50,Dammam,Premium
C01605,Male,35,Riyadh,Regular
C01606,Male,22,Riyadh,Occasional
C01607,Male,20,Dammam,Regular
C01608,Female,44,Riyadh,Regular
C01609,Male,69,Riyadh,Regular
C01610,Male,25,Riyadh,Regular
C01611,Female,52,Dammam,Occasional
C01612,Female,51,Jeddah,Occasional
C01613,Male,31,Makkah,New
C01614,Male,21,Jeddah,Occasional
C01615,Male,19,Jeddah,Regular
C01616,Female,44,Jeddah,Regular
C01617,Female,34,Khobar,Regular
C01618,Female,28,Jeddah,Occasional
C01619,Female,40,Tabuk,Premium
C01620,Female,43,Abha,Regular
C01621,Male,24,Madinah,New
C01622,Male,27,Abha,Occasional
C01623,Female,43,Jeddah,Regular
C01624,Female,38,Dammam,Regular
C01625,Male,49,Makkah,New
C01626,Female,31,Khobar,New
C01627,Male,50,Madinah,Regular
C01628,Male,44,Khobar,Regular
C01629,Male,42,Tabuk,Occasional
C01630,Male,42,Jeddah,Occasional
C01631,Female,32,Madinah,Occasional
C01632,Male,20,Khobar,Regular
C01633,Female,44,Khobar,New
C01634,Female,40,Jeddah,Regular
C01635,Female,41,Makkah,Regular
C01636,Male,33,Abha,Occasional
C01637,Male,64,Riyadh,Regular
C01638,Male,44,Dammam,New
C01639,Female,23,Jeddah,Premium
C01640,Female,28,Tabuk,Occasional
C01641,Male,49,Jeddah,Regular
C01642,Female,52,Riyadh,Occasional
C01643,Male,35,Jeddah,Premium
C01644,Female,50,Khobar,Occasional
C01645,Male,28,Riyadh,Occasional
C01646,Female,29,Dammam,Regular
C01647,Male,49,Abha,Regular
C01648,Female,46,Madinah,Regular
C01649,Female,42,Riyadh,Occasional
C01650,Female,46,Tabuk,Regular
C01651,Male,21,Khobar,Regular
C01652,Male,49,Riyadh,Regular
C01653,Male,25,Riyadh,New
C01654,Male,30,Riyadh,Regular
C01655,Male,26,Madinah,Premium
C01656,Female,29,Riyadh,Occasional
C01657,Female,30,Riyadh,Occasional
C01658,Male,32,Makkah,Regular
C01659,Male,18,Dammam,New
C01660,Male,30,Makkah,Occasional
C01661,Female,39,Makkah,Regular
C01662,Male,28,Riyadh,Regular
C01663,Female,26,Madinah,New
C01664,Male,46,Riyadh,Regular
C01665,Female,51,Dammam,Regular
C01666,Female,49,Khobar,Regular
C01667,Male,31,Riyadh,Occasional
C01668,Female,45,Tabuk,Occasional
C01669,Male,25,Jeddah,Occasional
C01670,Female,22,Riyadh,Regular
C01671,Male,26,Abha,Occasional
C01672,Female,52,Dammam,Occasional
C01673,Female,27,Khobar,Regular
C01674,Female,18,Dammam,Occasional
C01675,Female,22,Madinah,Regular
C01676,Male,46,Riyadh,Occasional
C01677,Male,44,Riyadh,Premium
C01678,Male,34,Jeddah,Occasional
C01679,Male,41,Riyadh,New
C01680,Female,40,Khobar,New
C01681,Male,42,Jeddah,Regular
C01682,Female,31,Riyadh,Regular
C01683,Female,54,Riyadh,Premium
C01684,Female,32,Khobar,New
C01685,Male,37,Madinah,Occasional
C01686,Female,23,Jeddah,Regular
C01687,Female,31,Dammam,Regular
C01688,Male,34,Riyadh,New
C01689,Female,35,Dammam,Regular
C01690,Female,18,Riyadh,Regular
C01691,Male,51,Jeddah,Regular
C01692,Male,27,Khobar,Regular
C01693,Male,37,Abha,Occasional
C01694,Male,49,Jeddah,New
C01695,Male,40,Makkah,New
C01696,Male,46,Dammam,Regular
C01697,Male,37,Abha,Occasional
C01698,Male,30,Jeddah,Regular
C01699,Female,47,Jeddah,Regular
C01700,Male,29,Madinah,New
C01701,Female,43,Riyadh,Regular
C01702,Male,47,Riyadh,Regular
C01703,Male,30,Riyadh,New
C01704,Male,29,Madinah,Regular
C01705,Male,39,Riyadh,Occasional
C01706,Male,50,Madinah,New
C01707,Female,60,Jeddah,Regular
C01708,Male,35,Riyadh,Premium
C01709,Female,43,Jeddah,Regular
C01710,Female,59,Riyadh,Regular
C01711,Male,18,Dammam,Regular
C01712,Male,32,Khobar,Occasional
C01713,Female,41,Jeddah,Regular
C01714,Male,51,Riyadh,Regular
C01715,Male,49,Khobar,Occasional
C01716,Female,25,Madinah,Occasional
C01717,Male,18,Makkah,New
C01718,Female,33,Madinah,Regular
C01719,Female,32,Riyadh,Occasional
C01720,Male,29,Madinah,Occasional
C01721,Male,47,Jeddah,Regular
C01722,Male,18,Riyadh,Regular
C01723,Male,47,Madinah,Regular
C01724,Male,31,Abha,Occasional
C01725,Female,38,Khobar,Regular
C01726,Male,24,Riyadh,New
C01727,Male,29,Riyadh,Occasional
C01728,Female,23,Jeddah,New
C01729,Female,70,Madinah,Premium
C01730,Female,51,Riyadh,Regular
C01731,Male,44,Madinah,Premium
C01732,Female,31,Riyadh,Regular
C01733,Male,70,Makkah,New
C01734,Male,31,Abha,Premium
C01735,Male,31,Jeddah,Regular
C01736,Female,41,Jeddah,Regular
C01737,Male,57,Makkah,Regular
C01738,Male,24,Dammam,Occasional
C01739,Male,27,Khobar,Occasional
C01740,Male,61,Dammam,Occasional
C01741,Female,26,Riyadh,Regular
C01742,Female,23,Madinah,New
C01743,Female,36,Riyadh,Occasional
C01744,Male,47,Abha,Regular
C01745,Male,38,Riyadh,Regular
C01746,Male,70,Makkah,New
C01747,Male,40,Riyadh,Occasional
C01748,Male,22,Jeddah,Occasional
C01749,Female,62,Jeddah,Regular
C01750,Male,34,Makkah,Regular
C01751,Male,34,Dammam,Occasional
C01752,Male,41,Madinah,Occasional
C01753,Male,28,Jeddah,Regular
C01754,Male,19,Khobar,Occasional
C01755,Female,19,Makkah,Regular
C01756,Female,28,Riyadh,Occasional
C01757,Female,50,Jeddah,New
C01758,Male,37,Jeddah,New
C01759,Male,60,Jeddah,Regular
C01760,Male,29,Jeddah,Regular
C01761,Male,29,Khobar,Occasional
C01762,Female,26,Riyadh,Occasional
C01763,Male,32,Khobar,Regular
C01764,Male,29,Abha,New
C01765,Male,46,Dammam,Regular
C01766,Male,61,Dammam,Regular
C01767,Female,67,Riyadh,Premium
C01768,Male,33,Madinah,Premium
C01769,Male,53,Riyadh,Premium
C01770,Male,25,Dammam,New
C01771,Male,24,Tabuk,Regular
C01772,Female,53,Dammam,Regular
C01773,Female,40,Makkah,Occasional
C01774,Female,25,Jeddah,Occasional
C01775,Female,26,Riyadh,Occasional
C01776,Male,28,Makkah,Regular
C01777,Female,48,Riyadh,Occasional
C01778,Male,36,Khobar,Regular
C01779,Male,62,Riyadh,Premium
C01780,Female,19,Madinah,Regular
C01781,Male,27,Riyadh,Regular
C01782,Female,38,Jeddah,Regular
C01783,Male,43,Dammam,Occasional
C01784,Female,34,Jeddah,Regular
C01785,Female,35,Jeddah,Occasional
C01786,Female,52,Jeddah,Premium
C01787,Female,66,Jeddah,Regular
C01788,Female,49,Jeddah,Regular
C01789,Male,51,Jeddah,New
C01790,Male,42,Dammam,New
C01791,Male,49,Riyadh,New
C01792,Female,32,Tabuk,Occasional
C01793,Male,34,Jeddah,Occasional
C01794,Female,32,Riyadh,Occasional
C01795,Male,43,Jeddah,Occasional
C01796,Male,26,Madinah,Regular
C01797,Female,57,Riyadh,Regular
C01798,Male,25,Khobar,Regular
C01799,Male,21,Dammam,Regular
C01800,Male,39,Riyadh,Regular
C01801,Female,20,Makkah,Regular
C01802,Female,18,Jeddah,Regular
C01803,Male,32,Riyadh,Premium
C01804,Male,36,Madinah,New
C01805,Male,25,Dammam,Regular
C01806,Female,46,Madinah,Regular
C01807,Female,49,Dammam,New
C01808,Male,33,Makkah,Regular
C01809,Male,33,Madinah,Regular
C01810,Male,26,Riyadh,Regular
C01811,Female,46,Makkah,Regular
C01812,Female,20,Dammam,Regular
C01813,Male,24,Riyadh,Premium
C01814,Male,47,Jeddah,Regular
C01815,Male,35,Riyadh,Occasional
C01816,Female,23,Makkah,Occasional
C01817,Male,30,Dammam,Occasional
C01818,Female,57,Abha,Regular
C01819,Female,45,Riyadh,Regular
C01820,Male,38,Dammam,Occasional
C01821,Male,35,Riyadh,Premium
C01822,Male,35,Dammam,New
C01823,Female,66,Makkah,Regular
C01824,Female,56,Makkah,Occasional
C01825,Female,34,Makkah,Regular
C01826,Male,52,Madinah,Regular
C01827,Male,26,Riyadh,Occasional
C01828,Female,26,Jeddah,Occasional
C01829,Female,44,Khobar,Regular
C01830,Male,34,Jeddah,New
C01831,Female,62,Riyadh,Premium
C01832,Female,21,Dammam,Premium
C01833,Female,40,Jeddah,Occasional
C01834,Female,70,Jeddah,Occasional
C01835,Female,66,Makkah,New
C01836,Female,28,Jeddah,Regular
C01837,Male,27,Riyadh,Premium
C01838,Male,35,Riyadh,Occasional
C01839,Female,27,Madinah,Regular
C01840,Male,66,Tabuk,Regular
C01841,Male,68,Khobar,Regular
C01842,Male,33,Jeddah,Premium
C01843,Male,22,Abha,Regular
C01844,Female,22,Khobar,Regular
C01845,Female,60,Madinah,Occasional
C01846,Male,29,Makkah,Occasional
C01847,Male,25,Jeddah,Regular
C01848,Male,34,Jeddah,Regular
C01849,Female,35,Riyadh,Regular
C01850,Female,21,Riyadh,Regular
C01851,Male,27,Makkah,Occasional
C01852,Female,65,Madinah,New
C01853,Female,62,Makkah,Occasional
C01854,Female,51,Jeddah,Occasional
C01855,Female,24,Riyadh,Regular
C01856,Male,31,Riyadh,Regular
C01857,Female,42,Jeddah,New
C01858,Male,34,Jeddah,New
C01859,Female,61,Dammam,Regular
C01860,Female,44,Riyadh,Regular
C01861,Female,19,Tabuk,Occasional
C01862,Female,58,Jeddah,Regular
C01863,Male,69,Madinah,Occasional
C01864,Male,20,Dammam,Occasional
C01865,Female,40,Riyadh,Regular
C01866,Female,27,Makkah,New
C01867,Male,27,Khobar,New
C01868,Male,30,Dammam,New
C01869,Male,35,Jeddah,Regular
C01870,Female,68,Riyadh,Regular
C01871,Female,35,Khobar,Occasional
C01872,Male,22,Abha,Regular
C01873,Male,35,Riyadh,Regular
C01874,Female,34,Riyadh,Regular
C01875,Female,52,Abha,Occasional
C01876,Male,26,Riyadh,Premium
C01877,Female,30,Khobar,Regular
C01878,Male,34,Dammam,Premium
C01879,Male,54,Dammam,Occasional
C01880,Female,29,Jeddah,Occasional
C01881,Female,54,Riyadh,Premium
C01882,Female,28,Riyadh,New
C01883,Female,25,Makkah,Premium
C01884,Female,37,Makkah,Occasional
C01885,Male,67,Khobar,Occasional
C01886,Male,66,Khobar,Occasional
C01887,Male,28,Riyadh,Premium
C01888,Male,26,Riyadh,New
C01889,Female,21,Makkah,New
C01890,Female,36,Jeddah,Occasional
C01891,Male,36,Jeddah,Regular
C01892,Male,65,Riyadh,Premium
C01893,Female,55,Riyadh,Occasional
C01894,Male,34,Jeddah,Regular
C01895,Female,36,Makkah,Occasional
C01896,Female,50,Abha,Regular
C01897,Female,47,Madinah,Occasional
C01898,Male,19,Abha,Regular
C01899,Male,29,Abha,Regular
C01900,Female,25,Dammam,Regular
C01901,Female,32,Riyadh,Premium
C01902,Male,28,Makkah,Regular
C01903,Female,18,Riyadh,Occasional
C01904,Male,38,Riyadh,Occasional
C01905,Female,26,Riyadh,Occasional
C01906,Male,20,Jeddah,Occasional
C01907,Female,29,Jeddah,Regular
C01908,Male,54,Riyadh,Regular
C01909,Male,50,Jeddah,Regular
C01910,Male,41,Madinah,Occasional
C01911,Male,28,Dammam,Regular
C01912,Female,61,Madinah,Premium
C01913,Female,34,Riyadh,Occasional
C01914,Male,27,Riyadh,New
C01915,Male,31,Dammam,Occasional
C01916,Female,28,Jeddah,Occasional
C01917,Female,32,Khobar,Occasional
C01918,Female,63,Makkah,Regular
C01919,Male,41,Makkah,Occasional
C01920,Male,32,Abha,Occasional
C01921,Female,62,Jeddah,Regular
C01922,Male,19,Riyadh,Regular
C01923,Female,33,Dammam,Regular
C01924,Male,40,Riyadh,Regular
C01925,Female,38,Riyadh,New
C01926,Male,24,Riyadh,Regular
C01927,Female,29,Jeddah,Regular
C01928,Male,44,Riyadh,New
C01929,Female,39,Riyadh,Regular
C01930,Male,41,Khobar,Regular
C01931,Female,33,Dammam,New
C01932,Female,24,Khobar,Regular
C01933,Female,33,Khobar,Occasional
C01934,Female,21,Riyadh,Premium
C01935,Female,64,Riyadh,Regular
C01936,Female,44,Riyadh,Regular
C01937,Male,28,Madinah,Regular
C01938,Female,50,Makkah,New
C01939,Male,42,Riyadh,New
C01940,Male,33,Jeddah,New
C01941,Male,45,Tabuk,Regular
C01942,Male,45,Dammam,New
C01943,Female,42,Makkah,Occasional
C01944,Female,20,Riyadh,Regular
C01945,Female,41,Riyadh,Occasional
C01946,Male,53,Makkah,Premium
C01947,Male,20,Khobar,Regular
C01948,Male,27,Khobar,Occasional
C01949,Male,54,Dammam,Occasional
C01950,Male,21,Dammam,Regular
C01951,Male,49,Makkah,Regular
C01952,Male,37,Riyadh,New
C01953,Female,29,Jeddah,Occasional
C01954,Female,19,Madinah,Regular
C01955,Female,45,Jeddah,Regular
C01956,Female,28,Dammam,Regular
C01957,Female,40,Khobar,New
C01958,Male,36,Tabuk,Regular
C01959,Female,41,Jeddah,Regular
C01960,Female,62,Jeddah,Regular
C01961,Male,35,Madinah,New
C01962,Male,28,Makkah,Occasional
C01963,Female,65,Makkah,Occasional
C01964,Male,38,Jeddah,Regular
C01965,Female,29,Jeddah,Premium
C01966,Female,23,Dammam,New
C01967,Male,48,Madinah,New
C01968,Male,33,Madinah,New
C01969,Male,41,Riyadh,New
C01970,Male,36,Jeddah,Occasional
C01971,Male,25,Jeddah,Occasional
C01972,Female,43,Tabuk,Occasional
C01973,Male,18,Khobar,Occasional
C01974,Male,30,Jeddah,Regular
C01975,Male,36,Riyadh,Regular
C01976,Female,28,Dammam,New
C01977,Male,50,Riyadh,Regular
C01978,Male,49,Madinah,New
C01979,Female,50,Makkah,Premium
C01980,Female,20,Jeddah,Regular
C01981,Male,29,Jeddah,Regular
C01982,Female,36,Madinah,Premium
C01983,Male,61,Riyadh,Regular
C01984,Male,47,Riyadh,Regular
C01985,Male,45,Abha,Occasional
C01986,Male,32,Makkah,Premium
C01987,Female,32,Madinah,Regular
C01988,Male,37,Riyadh,Premium
C01989,Male,31,Riyadh,Occasional
C01990,Female,18,Riyadh,Occasional
C01991,Female,62,Riyadh,Occasional
C01992,Male,27,Makkah,Regular
C01993,Female,26,Riyadh,Regular
C01994,Male,22,Makkah,Occasional
C01995,Female,64,Riyadh,Occasional
C01996,Female,41,Jeddah,Regular
C01997,Female,41,Tabuk,Regular
C01998,Male,63,Riyadh,Regular
C01999,Male,29,Jeddah,Regular
C02000,Male,38,Jeddah,Occasional
C02001,Male,23,Riyadh,Regular
C02002,Male,28,Jeddah,Regular
C02003,Female,48,Jeddah,Regular
C02004,Male,46,Khobar,New
C02005,Male,25,Makkah,Occasional
C02006,Female,28,Dammam,New
C02007,Male,41,Riyadh,Regular
C02008,Female,21,Dammam,Occasional
C02009,Male,33,Riyadh,Regular
C02010,Male,33,Dammam,Premium
C02011,Male,34,Khobar,Regular
C02012,Male,45,Riyadh,Occasional
C02013,Female,29,Makkah,Regular
C02014,Male,31,Abha,Occasional
C02015,Male,41,Makkah,Regular
C02016,Male,54,Jeddah,Regular
C02017,Male,30,Dammam,Regular
C02018,Female,20,Abha,Regular
C02019,Male,34,Jeddah,Premium
C02020,Female,48,Madinah,Regular
C02021,Female,37,Riyadh,Regular
C02022,Female,53,Riyadh,Regular
C02023,Female,69,Makkah,Regular
C02024,Male,54,Makkah,Regular
C02025,Male,38,Makkah,Regular
C02026,Male,42,Abha,Regular
C02027,Female,22,Riyadh,Regular
C02028,Female,55,Riyadh,Occasional
C02029,Male,31,Abha,Regular
C02030,Female,30,Riyadh,Regular
C02031,Male,35,Khobar,New
C02032,Female,28,Dammam,Occasional
C02033,Male,39,Riyadh,New
C02034,Female,42,Riyadh,Occasional
C02035,Female,28,Dammam,Regular
C02036,Male,47,Madinah,Regular
C02037,Male,26,Khobar,Occasional
C02038,Male,28,Dammam,New
C02039,Male,44,Jeddah,Occasional
C02040,Male,38,Riyadh,New
C02041,Female,54,Riyadh,Regular
C02042,Female,29,Jeddah,Regular
C02043,Male,41,Riyadh,New
C02044,Male,33,Riyadh,Occasional
C02045,Female,56,Jeddah,New
C02046,Female,29,Jeddah,Occasional
C02047,Male,44,Riyadh,Regular
C02048,Female,18,Dammam,Regular
C02049,Male,27,Dammam,New
C02050,Male,35,Riyadh,Occasional
C02051,Male,46,Abha,Regular
C02052,Male,40,Riyadh,Regular
C02053,Male,70,Madinah,Regular
C02054,Female,39,Riyadh,Premium
C02055,Female,35,Madinah,Occasional
C02056,Female,18,Riyadh,Regular
C02057,Male,48,Makkah,Regular
C02058,Male,28,Jeddah,Occasional
C02059,Female,50,Makkah,Regular
C02060,Male,60,Jeddah,Occasional
C02061,Male,70,Riyadh,Regular
C02062,Male,44,Makkah,New
C02063,Female,40,Riyadh,Regular
C02064,Male,45,Abha,Premium
C02065,Male,19,Riyadh,New
C02066,Female,43,Jeddah,Occasional
C02067,Male,20,Makkah,Regular
C02068,Male,41,Jeddah,New
C02069,Male,31,Riyadh,Regular
C02070,Male,31,Makkah,New
C02071,Female,26,Makkah,Regular
C02072,Male,26,Abha,Regular
C02073,Male,40,Jeddah,Regular
C02074,Female,24,Jeddah,Regular
C02075,Female,37,Jeddah,Regular
C02076,Female,28,Riyadh,Regular
C02077,Male,37,Makkah,Premium
C02078,Male,41,Jeddah,Regular
C02079,Female,41,Jeddah,Regular
C02080,Female,48,Jeddah,New
C02081,Male,31,Khobar,Occasional
C02082,Male,49,Abha,Occasional
C02083,Male,25,Khobar,New
C02084,Female,44,Jeddah,Occasional
C02085,Male,38,Makkah,New
C02086,Male,24,Khobar,Regular
C02087,Male,36,Riyadh,Regular
C02088,Female,36,Riyadh,Regular
C02089,Female,25,Riyadh,Regular
C02090,Male,19,Jeddah,New
C02091,Female,19,Madinah,Occasional
C02092,Female,68,Jeddah,Regular
C02093,Male,42,Jeddah,Occasional
C02094,Male,20,Abha,Regular
C02095,Male,32,Madinah,Regular
C02096,Female,42,Khobar,Occasional
C02097,Female,45,Riyadh,New
C02098,Female,18,Riyadh,Occasional
C02099,Female,34,Riyadh,Occasional
C02100,Male,48,Riyadh,Regular
C02101,Female,23,Riyadh,Premium
C02102,Male,32,Dammam,Regular
C02103,Male,67,Riyadh,Occasional
C02104,Female,36,Riyadh,Regular
C02105,Female,27,Riyadh,Regular
C02106,Male,23,Dammam,New
C02107,Female,19,Dammam,Occasional
C02108,Female,28,Dammam,Occasional
C02109,Male,46,Riyadh,Regular
C02110,Female,31,Jeddah,Regular
C02111,Male,38,Riyadh,Regular
C02112,Male,62,Riyadh,Occasional
C02113,Male,32,Madinah,Regular
C02114,Female,31,Tabuk,Occasional
C02115,Female,44,Khobar,New
C02116,Male,63,Abha,Regular
C02117,Male,48,Khobar,Regular
C02118,Female,24,Riyadh,Occasional
C02119,Male,44,Tabuk,New
C02120,Female,44,Riyadh,New
C02121,Female,69,Khobar,Premium
C02122,Male,21,Riyadh,Regular
C02123,Female,35,Jeddah,Occasional
C02124,Male,48,Khobar,Occasional
C02125,Female,26,Jeddah,Regular
C02126,Female,43,Riyadh,Regular
C02127,Female,22,Jeddah,Occasional
C02128,Male,27,Jeddah,Regular
C02129,Female,28,Abha,New
C02130,Male,60,Makkah,Premium
C02131,Male,34,Jeddah,Occasional
C02132,Male,35,Riyadh,Occasional
C02133,Female,41,Makkah,Regular
C02134,Male,32,Riyadh,Occasional
C02135,Female,41,Riyadh,Occasional
C02136,Female,51,Jeddah,New
C02137,Male,53,Madinah,Regular
C02138,Female,38,Riyadh,Occasional
C02139,Male,41,Riyadh,Occasional
C02140,Female,18,Jeddah,Regular
C02141,Female,69,Riyadh,New
C02142,Male,22,Dammam,Premium
C02143,Female,46,Jeddah,Regular
C02144,Male,29,Jeddah,Regular
C02145,Male,58,Riyadh,Regular
C02146,Female,42,Riyadh,New
C02147,Male,49,Madinah,Occasional
C02148,Male,33,Madinah,Regular
C02149,Male,33,Riyadh,Occasional
C02150,Female,37,Riyadh,Regular
C02151,Male,54,Riyadh,Occasional
C02152,Male,24,Dammam,Premium
C02153,Female,60,Khobar,Regular
C02154,Female,50,Jeddah,Regular
C02155,Male,28,Khobar,Occasional
C02156,Male,54,Khobar,Regular
C02157,Male,37,Abha,Regular
C02158,Male,35,Riyadh,Regular
C02159,Male,31,Riyadh,Regular
C02160,Female,39,Riyadh,New
C02161,Female,44,Madinah,Premium
C02162,Female,31,Makkah,New
C02163,Male,35,Dammam,Regular
C02164,Female,42,Riyadh,Occasional
C02165,Male,37,Riyadh,Regular
C02166,Female,24,Riyadh,New
C02167,Female,47,Dammam,Regular
C02168,Male,37,Riyadh,Occasional
C02169,Female,34,Riyadh,New
C02170,Male,33,Makkah,New
C02171,Female,36,Riyadh,Regular
C02172,Male,48,Jeddah,New
C02173,Male,30,Riyadh,Occasional
C02174,Female,47,Makkah,Regular
C02175,Male,21,Dammam,Regular
C02176,Female,44,Abha,Regular
C02177,Male,68,Jeddah,Regular
C02178,Female,54,Abha,Occasional
C02179,Female,31,Madinah,Occasional
C02180,Male,41,Dammam,Premium
C02181,Male,29,Abha,New
C02182,Male,27,Jeddah,Regular
C02183,Male,46,Jeddah,New
C02184,Male,48,Riyadh,New
C02185,Female,28,Dammam,New
C02186,Female,65,Makkah,Occasional
C02187,Female,42,Makkah,Regular
C02188,Female,32,Riyadh,Regular
C02189,Female,39,Jeddah,Regular
C02190,Female,40,Riyadh,Regular
C02191,Male,42,Khobar,Occasional
C02192,Female,35,Riyadh,Premium
C02193,Female,39,Abha,New
C02194,Female,28,Riyadh,New
C02195,Male,48,Riyadh,Regular
C02196,Male,36,Madinah,Regular
C02197,Male,19,Jeddah,Regular
C02198,Female,45,Riyadh,New
C02199,Male,68,Jeddah,Occasional
C02200,Male,69,Riyadh,Regular
C02201,Female,30,Tabuk,Regular
C02202,Male,24,Dammam,Regular
C02203,Male,39,Riyadh,New
C02204,Male,24,Dammam,Regular
C02205,Female,62,Riyadh,Premium
C02206,Female,33,Makkah,New
C02207,Male,26,Abha,New
C02208,Female,28,Madinah,New
C02209,Male,33,Jeddah,Regular
C02210,Female,49,Jeddah,Occasional
C02211,Female,37,Riyadh,Occasional
C02212,Female,30,Khobar,Premium
C02213,Male,27,Dammam,Occasional
C02214,Female,39,Jeddah,Premium
C02215,Female,20,Abha,Regular
C02216,Male,40,Riyadh,New
C02217,Female,44,Riyadh,Regular
C02218,Male,39,Riyadh,New
C02219,Female,68,Riyadh,Regular
C02220,Male,63,Riyadh,Regular
C02221,Female,70,Jeddah,Occasional
C02222,Male,27,Jeddah,Occasional
C02223,Male,23,Riyadh,Regular
C02224,Male,32,Makkah,New
C02225,Male,51,Riyadh,Premium
C02226,Male,70,Khobar,New
C02227,Male,50,Jeddah,Regular
C02228,Female,23,Jeddah,New
C02229,Male,69,Abha,Regular
C02230,Male,26,Riyadh,Occasional
C02231,Female,24,Jeddah,Occasional
C02232,Male,31,Madinah,Regular
C02233,Female,18,Dammam,New
C02234,Female,43,Riyadh,Regular
C02235,Female,28,Jeddah,Regular
C02236,Female,42,Khobar,Occasional
C02237,Female,44,Madinah,Regular
C02238,Male,51,Riyadh,Regular
C02239,Male,44,Riyadh,Regular
C02240,Male,31,Jeddah,Occasional
C02241,Female,46,Riyadh,Regular
C02242,Male,70,Riyadh,Regular
C02243,Female,18,Riyadh,Occasional
C02244,Female,38,Riyadh,New
C02245,Female,26,Riyadh,New
C02246,Male,19,Abha,Occasional
C02247,Male,41,Riyadh,Occasional
C02248,Female,52,Riyadh,Regular
C02249,Female,30,Riyadh,Regular
C02250,Male,45,Abha,Occasional
C02251,Male,53,Makkah,New
C02252,Female,60,Makkah,Occasional
C02253,Female,34,Riyadh,Premium
C02254,Female,55,Madinah,Regular
C02255,Female,25,Jeddah,Occasional
C02256,Female,42,Riyadh,Occasional
C02257,Male,23,Dammam,Occasional
C02258,Male,24,Madinah,Occasional
C02259,Male,42,Makkah,Regular
C02260,Male,34,Madinah,New
C02261,Female,31,Abha,Occasional
C02262,Female,31,Riyadh,Regular
C02263,Female,44,Jeddah,Regular
C02264,Male,21,Riyadh,New
C02265,Female,53,Madinah,New
C02266,Female,21,Riyadh,Regular
C02267,Female,26,Madinah,Premium
C02268,Female,33,Jeddah,Premium
C02269,Male,44,Jeddah,Regular
C02270,Male,27,Riyadh,Occasional
C02271,Male,26,Jeddah,Occasional
C02272,Male,67,Madinah,Occasional
C02273,Male,38,Riyadh,Occasional
C02274,Female,22,Jeddah,Premium
C02275,Female,26,Riyadh,Regular
C02276,Female,45,Jeddah,Regular
C02277,Female,34,Riyadh,Regular
C02278,Male,20,Riyadh,Premium
C02279,Female,49,Madinah,Occasional
C02280,Male,43,Jeddah,Occasional
C02281,Male,39,Riyadh,Occasional
C02282,Male,21,Dammam,Occasional
C02283,Male,20,Riyadh,Occasional
C02284,Male,44,Riyadh,Occasional
C02285,Male,33,Dammam,Regular
C02286,Male,44,Riyadh,New
C02287,Female,40,Khobar,Regular
C02288,Male,27,Jeddah,Regular
C02289,Male,58,Makkah,Regular
C02290,Male,48,Abha,New
C02291,Female,35,Riyadh,New
C02292,Male,20,Jeddah,Occasional
C02293,Male,20,Jeddah,Occasional
C02294,Male,35,Riyadh,Regular
C02295,Male,33,Makkah,New
C02296,Male,65,Makkah,Occasional
C02297,Male,25,Jeddah,New
C02298,Male,43,Dammam,Regular
C02299,Male,25,Riyadh,Regular
C02300,Male,36,Dammam,New
C02301,Female,19,Makkah,Regular
C02302,Female,30,Dammam,New
C02303,Male,31,Riyadh,Regular
C02304,Male,45,Khobar,New
C02305,Female,20,Jeddah,Regular
C02306,Male,56,Dammam,Occasional
C02307,Male,52,Jeddah,Regular
C02308,Female,33,Jeddah,Occasional
C02309,Male,46,Khobar,Regular
C02310,Male,19,Madinah,New
C02311,Male,64,Riyadh,Occasional
C02312,Female,43,Abha,Regular
C02313,Male,28,Jeddah,New
C02314,Female,29,Khobar,Regular
C02315,Female,22,Madinah,Regular
C02316,Male,65,Jeddah,Regular
C02317,Male,18,Madinah,New
C02318,Male,40,Riyadh,Regular
C02319,Male,34,Riyadh,Regular
C02320,Male,66,Khobar,New
C02321,Female,33,Madinah,Occasional
C02322,Female,43,Madinah,Regular
C02323,Female,41,Khobar,Occasional
C02324,Male,44,Dammam,New
C02325,Female,18,Jeddah,Premium
C02326,Female,29,Tabuk,Occasional
C02327,Female,29,Jeddah,Regular
C02328,Male,52,Makkah,Occasional
C02329,Female,34,Dammam,Regular
C02330,Male,38,Dammam,Occasional
C02331,Male,33,Jeddah,Premium
C02332,Male,51,Tabuk,Occasional
C02333,Female,61,Dammam,Premium
C02334,Female,37,Abha,Regular
C02335,Male,28,Riyadh,Regular
C02336,Male,31,Dammam,Occasional
C02337,Male,20,Khobar,Regular
C02338,Male,29,Makkah,Regular
C02339,Male,37,Abha,Regular
C02340,Male,35,Riyadh,Occasional
C02341,Female,61,Riyadh,Regular
C02342,Male,30,Jeddah,Occasional
C02343,Male,44,Riyadh,Premium
C02344,Male,41,Tabuk,Regular
C02345,Female,36,Riyadh,Occasional
C02346,Female,28,Jeddah,New
C02347,Female,36,Riyadh,Premium
C02348,Male,42,Dammam,Premium
C02349,Female,41,Jeddah,Regular
C02350,Male,55,Riyadh,Occasional
C02351,Female,26,Jeddah,Regular
C02352,Female,19,Jeddah,Occasional
C02353,Female,38,Tabuk,Premium
C02354,Female,37,Riyadh,Regular
C02355,Female,25,Dammam,Regular
C02356,Male,46,Tabuk,Occasional
C02357,Female,70,Makkah,Occasional
C02358,Male,65,Tabuk,Regular
C02359,Male,33,Tabuk,New
C02360,Male,45,Jeddah,Regular
C02361,Male,43,Khobar,Occasional
C02362,Male,41,Riyadh,Regular
C02363,Male,36,Jeddah,Regular
C02364,Male,46,Makkah,Occasional
C02365,Female,39,Jeddah,Occasional
C02366,Male,29,Khobar,Regular
C02367,Male,38,Makkah,Occasional
C02368,Female,44,Riyadh,Regular
C02369,Male,34,Madinah,Occasional
C02370,Female,67,Jeddah,Regular
C02371,Female,37,Riyadh,Occasional
C02372,Female,38,Madinah,Regular
C02373,Female,19,Jeddah,Premium
C02374,Male,38,Makkah,Regular
C02375,Female,19,Dammam,Regular
C02376,Male,22,Jeddah,Regular
C02377,Male,39,Makkah,Regular
C02378,Female,29,Dammam,Occasional
C02379,Male,44,Jeddah,Regular
C02380,Female,18,Riyadh,Occasional
C02381,Female,30,Madinah,Occasional
C02382,Female,26,Riyadh,New
C02383,Female,61,Madinah,New
C02384,Male,38,Jeddah,New
C02385,Male,39,Dammam,Occasional
C02386,Female,29,Abha,Regular
C02387,Male,22,Riyadh,Occasional
C02388,Female,56,Dammam,New
C02389,Female,29,Makkah,Premium
C02390,Female,27,Makkah,Regular
C02391,Male,38,Dammam,Regular
C02392,Male,22,Dammam,Occasional
C02393,Male,46,Makkah,Regular
C02394,Male,38,Madinah,Occasional
C02395,Female,33,Makkah,Occasional
C02396,Male,22,Jeddah,New
C02397,Male,27,Tabuk,Occasional
C02398,Male,45,Jeddah,Occasional
C02399,Female,35,Riyadh,Regular
C02400,Female,30,Jeddah,Regular
C02401,Male,20,Riyadh,Regular
C02402,Male,38,Riyadh,Regular
C02403,Male,35,Riyadh,Regular
C02404,Male,32,Riyadh,Occasional
C02405,Female,25,Khobar,Occasional
C02406,Female,29,Riyadh,Occasional
C02407,Male,40,Riyadh,Regular
C02408,Male,69,Riyadh,Regular
C02409,Female,26,Riyadh,Occasional
C02410,Male,41,Riyadh,Regular
C02411,Female,31,Dammam,Regular
C02412,Male,25,Tabuk,Premium
C02413,Male,28,Madinah,Premium
C02414,Male,48,Madinah,Regular
C02415,Male,39,Riyadh,Premium
C02416,Female,35,Riyadh,Regular
C02417,Male,25,Riyadh,Occasional
C02418,Male,31,Makkah,Premium
C02419,Male,18,Riyadh,Regular
C02420,Male,35,Dammam,New
C02421,Male,26,Riyadh,Occasional
C02422,Male,40,Riyadh,Regular
C02423,Female,30,Tabuk,New
C02424,Male,26,Makkah,Regular
C02425,Male,43,Madinah,Premium
C02426,Female,28,Dammam,New
C02427,Male,22,Madinah,New
C02428,Female,31,Khobar,Regular
C02429,Male,40,Abha,Occasional
C02430,Female,37,Riyadh,Occasional
C02431,Female,32,Dammam,Regular
C02432,Female,41,Khobar,Regular
C02433,Female,33,Jeddah,Regular
C02434,Male,27,Madinah,New
C02435,Female,18,Tabuk,Premium
C02436,Male,46,Jeddah,Occasional
C02437,Male,25,Jeddah,Premium
C02438,Male,29,Jeddah,Regular
C02439,Male,34,Madinah,Occasional
C02440,Male,23,Khobar,Occasional
C02441,Female,36,Riyadh,Premium
C02442,Male,20,Dammam,Regular
C02443,Female,24,Riyadh,Occasional
C02444,Female,44,Makkah,Premium
C02445,Male,29,Jeddah,Regular
C02446,Male,38,Jeddah,Occasional
C02447,Male,39,Makkah,Regular
C02448,Male,34,Riyadh,Regular
C02449,Male,40,Riyadh,Regular
C02450,Male,21,Jeddah,New
C02451,Male,41,Riyadh,Premium
C02452,Female,33,Jeddah,Occasional
C02453,Female,25,Tabuk,Premium
C02454,Male,38,Madinah,Premium
C02455,Female,53,Madinah,Regular
C02456,Male,59,Abha,Regular
C02457,Male,42,Jeddah,Occasional
C02458,Female,25,Riyadh,Regular
C02459,Male,28,Riyadh,Occasional
C02460,Male,33,Madinah,Regular
C02461,Female,35,Khobar,Regular
C02462,Female,25,Riyadh,Regular
C02463,Female,58,Jeddah,Occasional
C02464,Female,27,Jeddah,Occasional
C02465,Female,31,Dammam,Occasional
C02466,Male,27,Madinah,Regular
C02467,Male,45,Jeddah,Occasional
C02468,Male,44,Abha,Regular
C02469,Male,36,Jeddah,Occasional
C02470,Male,34,Makkah,New
C02471,Male,48,Abha,Premium
C02472,Female,18,Abha,Regular
C02473,Female,45,Riyadh,Occasional
C02474,Female,42,Riyadh,Occasional
C02475,Male,31,Jeddah,Regular
C02476,Female,42,Jeddah,New
C02477,Male,38,Khobar,Occasional
C02478,Female,23,Abha,Regular
C02479,Male,47,Riyadh,Premium
C02480,Female,32,Jeddah,Occasional
C02481,Male,28,Riyadh,Premium
C02482,Female,20,Madinah,Regular
C02483,Female,28,Tabuk,Occasional
C02484,Male,40,Jeddah,Occasional
C02485,Male,31,Riyadh,Occasional
C02486,Female,41,Makkah,Regular
C02487,Male,28,Khobar,Occasional
C02488,Female,62,Jeddah,New
C02489,Female,41,Madinah,Regular
C02490,Male,46,Tabuk,Occasional
C02491,Male,22,Dammam,New
C02492,Male,32,Dammam,Occasional
C02493,Female,33,Riyadh,Occasional
C02494,Male,39,Dammam,Regular
C02495,Male,48,Jeddah,Regular
C02496,Male,21,Jeddah,Occasional
C02497,Female,22,Riyadh,Occasional
C02498,Female,48,Riyadh,New
C02499,Female,30,Riyadh,Premium
C02500,Male,38,Dammam,Premium
C02501,Female,41,Dammam,Premium
C02502,Female,51,Dammam,Occasional
C02503,Female,22,Jeddah,Regular
C02504,Female,22,Jeddah,Occasional
C02505,Male,39,Madinah,Regular
C02506,Male,69,Jeddah,Regular
C02507,Female,34,Tabuk,Regular
C02508,Male,32,Jeddah,New
C02509,Female,41,Khobar,Occasional
C02510,Female,68,Riyadh,New
C02511,Male,51,Khobar,Occasional
C02512,Female,60,Madinah,Regular
C02513,Male,24,Abha,Regular
C02514,Male,24,Tabuk,New
C02515,Female,44,Riyadh,Occasional
C02516,Female,46,Dammam,Premium
C02517,Male,34,Jeddah,Occasional
C02518,Male,26,Dammam,Regular
C02519,Female,54,Riyadh,Regular
C02520,Female,24,Madinah,Regular
C02521,Female,34,Abha,Occasional
C02522,Male,41,Jeddah,Premium
C02523,Male,41,Riyadh,Regular
C02524,Male,39,Riyadh,Regular
C02525,Female,25,Khobar,Regular
C02526,Male,36,Jeddah,Regular
C02527,Male,43,Abha,Premium
C02528,Female,42,Khobar,Regular
C02529,Male,42,Khobar,New
C02530,Female,34,Dammam,Regular
C02531,Female,18,Riyadh,Regular
C02532,Female,23,Abha,Regular
C02533,Male,33,Dammam,Occasional
C02534,Male,42,Tabuk,Occasional
C02535,Female,47,Dammam,Regular
C02536,Female,38,Khobar,New
C02537,Female,47,Riyadh,Occasional
C02538,Male,30,Dammam,Occasional
C02539,Female,33,Makkah,Premium
C02540,Female,32,Makkah,Premium
C02541,Female,34,Makkah,Occasional
C02542,Female,21,Riyadh,New
C02543,Female,36,Tabuk,Occasional
C02544,Female,67,Tabuk,Regular
C02545,Male,32,Riyadh,Premium
C02546,Male,23,Abha,Occasional
C02547,Male,50,Riyadh,Occasional
C02548,Male,32,Khobar,Regular
C02549,Male,53,Jeddah,Premium
C02550,Male,35,Tabuk,Regular
C02551,Male,63,Riyadh,Occasional
C02552,Male,26,Jeddah,Occasional
C02553,Female,35,Jeddah,Occasional
C02554,Female,42,Jeddah,Occasional
C02555,Male,42,Khobar,Regular
C02556,Female,28,Riyadh,Occasional
C02557,Male,32,Khobar,New
C02558,Male,41,Tabuk,New
C02559,Male,36,Makkah,New
C02560,Male,49,Madinah,Regular
C02561,Female,54,Jeddah,Occasional
C02562,Female,38,Jeddah,New
C02563,Male,20,Jeddah,Occasional
C02564,Male,35,Riyadh,Regular
C02565,Male,39,Abha,New
C02566,Male,54,Riyadh,Regular
C02567,Male,62,Abha,Regular
C02568,Male,21,Riyadh,Regular
C02569,Female,53,Madinah,Occasional
C02570,Female,24,Riyadh,Regular
C02571,Male,25,Riyadh,Premium
C02572,Female,35,Khobar,Occasional
C02573,Male,24,Riyadh,Occasional
C02574,Male,45,Khobar,Occasional
C02575,Male,19,Dammam,Regular
C02576,Female,25,Riyadh,Occasional
C02577,Female,38,Abha,Premium
C02578,Female,44,Jeddah,Regular
C02579,Male,63,Makkah,Regular
C02580,Female,38,Jeddah,Occasional
C02581,Male,38,Dammam,Regular
C02582,Female,31,Jeddah,Premium
C02583,Male,23,Riyadh,Regular
C02584,Male,20,Dammam,Regular
C02585,Female,43,Jeddah,New
C02586,Female,41,Jeddah,New
C02587,Male,25,Khobar,Regular
C02588,Female,45,Khobar,Regular
C02589,Male,38,Riyadh,Regular
C02590,Female,21,Jeddah,Occasional
C02591,Female,25,Jeddah,Premium
C02592,Female,50,Riyadh,Regular
C02593,Female,44,Riyadh,Regular
C02594,Male,46,Riyadh,Regular
C02595,Male,20,Tabuk,Premium
C02596,Female,59,Makkah,Regular
C02597,Male,32,Riyadh,Regular
C02598,Male,24,Riyadh,Regular
C02599,Male,57,Khobar,New
C02600,Male,33,Jeddah,Regular
C02601,Female,41,Makkah,Regular
C02602,Male,33,Abha,New
C02603,Female,35,Dammam,New
C02604,Male,59,Riyadh,Regular
C02605,Male,27,Makkah,Occasional
C02606,Male,38,Abha,Premium
C02607,Male,28,Dammam,Occasional
C02608,Male,41,Khobar,New
C02609,Female,34,Jeddah,Regular
C02610,Male,32,Jeddah,Regular
C02611,Female,34,Makkah,Regular
C02612,Male,29,Abha,Occasional
C02613,Male,67,Dammam,Occasional
C02614,Female,34,Makkah,Occasional
C02615,Male,31,Riyadh,Premium
C02616,Male,27,Riyadh,Regular
C02617,Male,27,Dammam,Occasional
C02618,Male,47,Riyadh,Regular
C02619,Female,66,Dammam,Regular
C02620,Male,28,Riyadh,Regular
C02621,Female,50,Makkah,Occasional
C02622,Female,39,Makkah,Occasional
C02623,Male,32,Jeddah,Occasional
C02624,Female,39,Riyadh,Regular
C02625,Male,39,Khobar,New
C02626,Female,44,Tabuk,Occasional
C02627,Male,46,Dammam,Regular
C02628,Female,29,Riyadh,Premium
C02629,Male,70,Riyadh,Regular
C02630,Male,51,Jeddah,New
C02631,Female,36,Riyadh,Regular
C02632,Female,40,Makkah,Regular
C02633,Male,31,Madinah,Regular
C02634,Male,59,Riyadh,Occasional
C02635,Female,43,Jeddah,Regular
C02636,Female,23,Riyadh,Regular
C02637,Female,28,Abha,Regular
C02638,Female,44,Jeddah,Regular
C02639,Female,24,Khobar,Regular
C02640,Female,18,Jeddah,Regular
C02641,Male,42,Dammam,Occasional
C02642,Male,32,Jeddah,Occasional
C02643,Female,31,Jeddah,Occasional
C02644,Female,32,Dammam,Regular
C02645,Male,26,Dammam,Occasional
C02646,Male,37,Riyadh,Regular
C02647,Female,43,Riyadh,Regular
C02648,Male,25,Jeddah,New
C02649,Male,32,Jeddah,Occasional
C02650,Male,42,Dammam,Occasional
C02651,Male,24,Abha,New
C02652,Male,22,Riyadh,New
C02653,Male,23,Riyadh,Occasional
C02654,Male,49,Riyadh,Occasional
C02655,Female,48,Jeddah,Occasional
C02656,Male,54,Jeddah,Regular
C02657,Female,44,Makkah,Regular
C02658,Female,44,Riyadh,Occasional
C02659,Male,44,Dammam,Regular
C02660,Female,40,Madinah,Regular
C02661,Male,21,Abha,Regular
C02662,Female,35,Abha,Regular
C02663,Male,49,Makkah,New
C02664,Female,38,Abha,Occasional
C02665,Female,28,Riyadh,Regular
C02666,Male,31,Riyadh,New
C02667,Male,43,Riyadh,New
C02668,Female,42,Khobar,Regular
C02669,Female,52,Abha,New
C02670,Male,29,Riyadh,Regular
C02671,Female,50,Dammam,Regular
C02672,Male,36,Makkah,Regular
C02673,Female,47,Abha,Occasional
C02674,Male,39,Khobar,Regular
C02675,Female,36,Tabuk,Occasional
C02676,Male,37,Jeddah,Occasional
C02677,Male,48,Jeddah,Premium
C02678,Male,60,Dammam,Premium
C02679,Male,22,Jeddah,Regular
C02680,Male,19,Riyadh,Regular
C02681,Male,58,Makkah,Occasional
C02682,Female,36,Makkah,Occasional
C02683,Male,39,Makkah,Occasional
C02684,Male,39,Jeddah,Regular
C02685,Male,20,Dammam,Occasional
C02686,Male,51,Jeddah,Occasional
C02687,Male,45,Riyadh,New
C02688,Male,28,Dammam,Occasional
C02689,Male,29,Riyadh,Occasional
C02690,Male,52,Riyadh,Regular
C02691,Male,21,Makkah,Occasional
C02692,Female,52,Riyadh,New
C02693,Male,25,Abha,Regular
C02694,Male,39,Jeddah,Regular
C02695,Female,64,Tabuk,Regular
C02696,Male,35,Riyadh,Occasional
C02697,Female,25,Dammam,Regular
C02698,Male,36,Jeddah,Premium
C02699,Female,26,Madinah,New
C02700,Female,33,Jeddah,Occasional
C02701,Male,58,Riyadh,Regular
C02702,Female,47,Madinah,Regular
C02703,Male,35,Jeddah,Regular
C02704,Male,26,Riyadh,Regular
C02705,Female,23,Jeddah,Regular
C02706,Female,18,Khobar,Regular
C02707,Male,39,Riyadh,Occasional
C02708,Male,48,Jeddah,Occasional
C02709,Male,39,Riyadh,Regular
C02710,Male,53,Dammam,Regular
C02711,Female,21,Makkah,Occasional
C02712,Male,31,Jeddah,Premium
C02713,Male,32,Jeddah,Premium
C02714,Male,28,Riyadh,Occasional
C02715,Male,20,Riyadh,Occasional
C02716,Male,62,Riyadh,Regular
C02717,Female,30,Jeddah,Occasional
C02718,Female,59,Dammam,Occasional
C02719,Female,31,Abha,New
C02720,Male,60,Riyadh,Regular
C02721,Female,37,Dammam,Occasional
C02722,Female,59,Dammam,Premium
C02723,Female,18,Jeddah,Occasional
C02724,Male,51,Madinah,Occasional
C02725,Male,66,Riyadh,Regular
C02726,Male,21,Riyadh,Occasional
C02727,Male,24,Khobar,Premium
C02728,Male,29,Jeddah,Regular
C02729,Male,65,Riyadh,Regular
C02730,Male,36,Riyadh,Occasional
C02731,Female,40,Jeddah,Premium
C02732,Male,24,Dammam,Occasional
C02733,Male,23,Riyadh,Occasional
C02734,Female,52,Jeddah,Occasional
C02735,Female,24,Jeddah,Regular
C02736,Female,36,Jeddah,Occasional
C02737,Female,68,Tabuk,Premium
C02738,Male,30,Riyadh,Occasional
C02739,Female,43,Abha,Occasional
C02740,Male,21,Dammam,Regular
C02741,Male,40,Makkah,Occasional
C02742,Male,28,Jeddah,Premium
C02743,Male,51,Jeddah,Regular
C02744,Male,27,Madinah,Regular
C02745,Female,39,Madinah,New
C02746,Female,35,Riyadh,New
C02747,Female,34,Riyadh,Occasional
C02748,Male,47,Jeddah,New
C02749,Female,32,Abha,Regular
C02750,Female,43,Jeddah,New
C02751,Male,33,Khobar,Regular
C02752,Female,44,Khobar,Occasional
C02753,Male,19,Makkah,Occasional
C02754,Male,28,Dammam,Premium
C02755,Female,29,Jeddah,Regular
C02756,Male,47,Tabuk,Premium
C02757,Male,25,Dammam,New
C02758,Female,50,Makkah,Regular
C02759,Female,54,Jeddah,Regular
C02760,Male,26,Khobar,Occasional
C02761,Male,43,Riyadh,Regular
C02762,Male,18,Riyadh,Regular
C02763,Female,33,Khobar,Occasional
C02764,Male,41,Dammam,Regular
C02765,Male,44,Khobar,Occasional
C02766,Female,36,Riyadh,Regular
C02767,Male,30,Dammam,Regular
C02768,Male,32,Jeddah,Occasional
C02769,Male,24,Dammam,Regular
C02770,Female,36,Riyadh,New
C02771,Male,39,Khobar,New
C02772,Male,40,Makkah,Regular
C02773,Female,27,Riyadh,Regular
C02774,Male,26,Jeddah,Regular
C02775,Male,30,Khobar,Regular
C02776,Male,20,Khobar,Regular
C02777,Male,26,Khobar,Occasional
C02778,Male,45,Khobar,Regular
C02779,Male,52,Jeddah,Regular
C02780,Male,35,Jeddah,Regular
C02781,Male,39,Riyadh,Premium
C02782,Female,20,Riyadh,Occasional
C02783,Female,50,Khobar,Regular
C02784,Female,20,Riyadh,Regular
C02785,Female,66,Abha,Regular
C02786,Male,37,Madinah,New
C02787,Female,31,Madinah,Premium
C02788,Male,56,Abha,New
C02789,Female,24,Jeddah,Regular
C02790,Female,36,Madinah,New
C02791,Female,39,Riyadh,Occasional
C02792,Female,31,Riyadh,Regular
C02793,Female,27,Makkah,Occasional
C02794,Male,38,Riyadh,Occasional
C02795,Male,35,Tabuk,Premium
C02796,Female,20,Khobar,Regular
C02797,Male,63,Makkah,Occasional
C02798,Female,34,Riyadh,Occasional
C02799,Female,29,Khobar,Occasional
C02800,Male,32,Riyadh,Occasional
C02801,Female,19,Madinah,Occasional
C02802,Female,20,Riyadh,Occasional
C02803,Female,61,Khobar,Occasional
C02804,Female,34,Riyadh,Regular
C02805,Male,21,Riyadh,New
C02806,Female,18,Jeddah,Premium
C02807,Female,41,Riyadh,Regular
C02808,Male,45,Makkah,Occasional
C02809,Male,28,Riyadh,Regular
C02810,Female,19,Jeddah,Premium
C02811,Male,30,Dammam,Premium
C02812,Female,23,Riyadh,Occasional
C02813,Female,19,Jeddah,New
C02814,Male,30,Makkah,Occasional
C02815,Female,29,Riyadh,Regular
C02816,Female,37,Riyadh,Regular
C02817,Male,26,Jeddah,Regular
C02818,Male,57,Jeddah,Premium
C02819,Male,63,Dammam,Regular
C02820,Male,37,Jeddah,Regular
C02821,Female,27,Makkah,Regular
C02822,Male,25,Riyadh,Premium
C02823,Female,26,Jeddah,Occasional
C02824,Male,37,Jeddah,New
C02825,Male,36,Khobar,New
C02826,Female,52,Tabuk,Occasional
C02827,Female,60,Jeddah,Premium
C02828,Male,31,Tabuk,Occasional
C02829,Male,35,Jeddah,Regular
C02830,Male,23,Riyadh,Occasional
C02831,Male,26,Riyadh,Occasional
C02832,Female,30,Jeddah,Occasional
C02833,Male,27,Jeddah,New
C02834,Male,51,Riyadh,Occasional
C02835,Male,27,Jeddah,Occasional
C02836,Female,43,Jeddah,Regular
C02837,Female,37,Riyadh,New
C02838,Male,41,Riyadh,Regular
C02839,Female,28,Madinah,New
C02840,Male,52,Jeddah,Regular
C02841,Male,36,Khobar,Regular
C02842,Female,32,Dammam,Occasional
C02843,Female,18,Jeddah,Premium
C02844,Female,42,Riyadh,Occasional
C02845,Female,50,Jeddah,Regular
C02846,Male,44,Dammam,New
C02847,Female,45,Jeddah,Occasional
C02848,Male,41,Riyadh,Occasional
C02849,Female,18,Riyadh,Regular
C02850,Male,24,Madinah,Premium
C02851,Female,26,Jeddah,Occasional
C02852,Male,42,Dammam,Regular
C02853,Male,46,Jeddah,Regular
C02854,Female,27,Madinah,Occasional
C02855,Male,37,Dammam,Regular
C02856,Male,25,Jeddah,Regular
C02857,Male,29,Abha,Regular
C02858,Male,29,Khobar,Regular
C02859,Male,19,Riyadh,New
C02860,Male,29,Riyadh,Premium
C02861,Female,23,Makkah,New
C02862,Male,33,Madinah,Regular
C02863,Female,23,Dammam,Regular
C02864,Female,40,Dammam,Occasional
C02865,Male,27,Dammam,Premium
C02866,Female,59,Jeddah,Occasional
C02867,Male,34,Khobar,New
C02868,Female,31,Riyadh,Premium
C02869,Male,27,Tabuk,Occasional
C02870,Male,19,Makkah,Regular
C02871,Female,49,Dammam,Regular
C02872,Female,20,Jeddah,Regular
C02873,Female,59,Riyadh,New
C02874,Male,53,Jeddah,Regular
C02875,Female,44,Khobar,New
C02876,Male,35,Dammam,Regular
C02877,Male,38,Jeddah,Premium
C02878,Male,34,Dammam,Regular
C02879,Female,39,Makkah,Occasional
C02880,Male,19,Riyadh,Occasional
C02881,Male,21,Jeddah,Regular
C02882,Female,36,Makkah,New
C02883,Male,35,Dammam,Regular
C02884,Male,52,Khobar,New
C02885,Male,19,Jeddah,Occasional
C02886,Female,47,Tabuk,Occasional
C02887,Male,26,Riyadh,Occasional
C02888,Male,28,Jeddah,Regular
C02889,Female,25,Riyadh,Occasional
C02890,Female,27,Riyadh,Occasional
C02891,Male,29,Jeddah,Regular
C02892,Female,44,Riyadh,Occasional
C02893,Female,45,Tabuk,Regular
C02894,Female,28,Abha,Regular
C02895,Male,40,Jeddah,Regular
C02896,Female,48,Dammam,Regular
C02897,Male,41,Dammam,Regular
C02898,Male,41,Makkah,New
C02899,Male,30,Dammam,Regular
C02900,Male,53,Riyadh,Occasional
C02901,Male,36,Makkah,Regular
C02902,Female,34,Makkah,Regular
C02903,Male,32,Jeddah,Regular
C02904,Male,52,Abha,Regular
C02905,Male,20,Abha,Occasional
C02906,Male,64,Dammam,Occasional
C02907,Female,23,Dammam,Regular
C02908,Male,48,Tabuk,Regular
C02909,Male,30,Riyadh,New
C02910,Male,40,Jeddah,Regular
C02911,Male,49,Riyadh,Premium
C02912,Male,25,Madinah,Occasional
C02913,Female,37,Makkah,Premium
C02914,Female,24,Riyadh,New
C02915,Male,19,Tabuk,Occasional
C02916,Female,27,Makkah,Regular
C02917,Female,38,Madinah,Regular
C02918,Female,23,Riyadh,Occasional
C02919,Male,20,Jeddah,Premium
C02920,Male,29,Khobar,New
C02921,Male,37,Dammam,Occasional
C02922,Female,39,Khobar,Regular
C02923,Female,32,Makkah,Occasional
C02924,Male,23,Jeddah,Regular
C02925,Male,56,Madinah,Premium
C02926,Female,30,Riyadh,Occasional
C02927,Female,48,Riyadh,Occasional
C02928,Female,53,Riyadh,Occasional
C02929,Female,54,Jeddah,Regular
C02930,Male,26,Jeddah,Occasional
C02931,Female,52,Makkah,Premium
C02932,Female,45,Khobar,Occasional
C02933,Male,40,Jeddah,Occasional
C02934,Male,34,Khobar,Occasional
C02935,Female,25,Riyadh,New
C02936,Male,19,Riyadh,New
C02937,Female,37,Dammam,New
C02938,Female,43,Khobar,New
C02939,Female,29,Makkah,Occasional
C02940,Male,44,Jeddah,New
C02941,Male,34,Makkah,New
C02942,Female,36,Khobar,Occasional
C02943,Male,64,Tabuk,Premium
C02944,Female,29,Riyadh,Premium
C02945,Female,29,Dammam,Occasional
C02946,Male,18,Dammam,Regular
C02947,Male,37,Tabuk,Occasional
C02948,Male,39,Riyadh,Regular
C02949,Male,63,Dammam,Regular
C02950,Female,34,Jeddah,Occasional
C02951,Female,70,Dammam,New
C02952,Female,18,Riyadh,Premium
C02953,Female,42,Riyadh,New
C02954,Male,18,Dammam,Occasional
C02955,Female,53,Jeddah,Regular
C02956,Female,40,Riyadh,Regular
C02957,Female,35,Jeddah,Premium
C02958,Female,52,Riyadh,Premium
C02959,Male,29,Abha,Regular
C02960,Female,24,Dammam,Premium
C02961,Male,51,Makkah,Regular
C02962,Male,31,Jeddah,Occasional
C02963,Male,23,Abha,Occasional
C02964,Female,42,Jeddah,Occasional
C02965,Female,43,Dammam,Regular
C02966,Female,21,Jeddah,Occasional
C02967,Female,26,Makkah,New
C02968,Female,24,Dammam,Regular
C02969,Female,26,Riyadh,New
C02970,Male,50,Riyadh,Occasional
C02971,Male,56,Dammam,Occasional
C02972,Male,44,Jeddah,Occasional
C02973,Female,30,Riyadh,Regular
C02974,Female,56,Jeddah,Regular
C02975,Male,35,Jeddah,Premium
C02976,Male,31,Madinah,Premium
C02977,Female,57,Riyadh,Regular
C02978,Male,48,Jeddah,New
C02979,Female,50,Madinah,Regular
C02980,Female,39,Khobar,New
C02981,Male,28,Riyadh,Occasional
C02982,Male,33,Madinah,Regular
C02983,Female,40,Jeddah,Regular
C02984,Female,30,Jeddah,Regular
C02985,Male,26,Tabuk,New
C02986,Female,50,Abha,Occasional
C02987,Male,51,Jeddah,Premium
C02988,Male,42,Riyadh,New
C02989,Female,52,Jeddah,Occasional
C02990,Female,53,Riyadh,Premium
C02991,Male,44,Riyadh,Occasional
C02992,Female,27,Jeddah,Occasional
C02993,Female,34,Abha,Regular
C02994,Male,31,Madinah,Occasional
C02995,Male,24,Jeddah,Premium
C02996,Female,25,Dammam,Regular
C02997,Male,32,Riyadh,Premium
C02998,Male,38,Riyadh,New
C02999,Male,59,Riyadh,Occasional
C03000,Female,23,Makkah,Regular
C03001,Female,40,Riyadh,Regular
C03002,Female,37,Madinah,Regular
C03003,Male,22,Khobar,Occasional
C03004,Female,64,Riyadh,Premium
C03005,Female,39,Riyadh,Occasional
C03006,Female,25,Dammam,New
C03007,Female,47,Abha,Occasional
C03008,Male,27,Khobar,Regular
C03009,Female,35,Jeddah,Regular
C03010,Male,22,Dammam,Regular
C03011,Male,51,Jeddah,Occasional
C03012,Male,25,Tabuk,Occasional
C03013,Male,41,Makkah,Occasional
C03014,Male,28,Dammam,Regular
C03015,Female,43,Jeddah,New
C03016,Male,51,Dammam,Premium
C03017,Female,39,Jeddah,Regular
C03018,Male,41,Riyadh,Occasional
C03019,Male,43,Jeddah,Premium
C03020,Female,54,Abha,Occasional
C03021,Male,40,Dammam,Occasional
C03022,Male,45,Riyadh,Occasional
C03023,Female,50,Madinah,Premium
C03024,Male,25,Riyadh,Regular
C03025,Male,28,Riyadh,Regular
C03026,Male,32,Riyadh,Regular
C03027,Female,49,Dammam,New
C03028,Female,29,Dammam,Occasional
C03029,Female,44,Jeddah,Regular
C03030,Female,52,Khobar,New
C03031,Male,32,Jeddah,Occasional
C03032,Male,35,Makkah,Regular
C03033,Female,29,Riyadh,Regular
C03034,Male,21,Makkah,Regular
C03035,Male,49,Khobar,New
C03036,Male,18,Khobar,Regular
C03037,Male,31,Jeddah,New
C03038,Female,51,Khobar,Regular
C03039,Male,33,Riyadh,New
C03040,Male,56,Madinah,Premium
C03041,Male,69,Riyadh,New
C03042,Female,27,Riyadh,New
C03043,Male,21,Dammam,Regular
C03044,Male,35,Makkah,Occasional
C03045,Female,41,Riyadh,Occasional
C03046,Female,23,Abha,New
C03047,Male,44,Tabuk,Regular
C03048,Male,20,Dammam,Regular
C03049,Male,47,Jeddah,New
C03050,Male,20,Makkah,Occasional
C03051,Male,18,Jeddah,Regular
C03052,Male,34,Jeddah,Occasional
C03053,Male,67,Abha,Premium
C03054,Male,36,Abha,Occasional
C03055,Female,54,Abha,Regular
C03056,Female,34,Riyadh,Regular
C03057,Female,25,Riyadh,Regular
C03058,Male,33,Riyadh,Regular
C03059,Male,40,Jeddah,Regular
C03060,Female,43,Jeddah,Regular
C03061,Male,40,Jeddah,Regular
C03062,Male,26,Dammam,Regular
C03063,Female,55,Makkah,Occasional
C03064,Female,32,Makkah,Regular
C03065,Female,57,Makkah,Regular
C03066,Male,18,Riyadh,Occasional
C03067,Male,42,Riyadh,New
C03068,Female,25,Makkah,Occasional
C03069,Male,32,Dammam,Premium
C03070,Female,35,Dammam,Occasional
C03071,Female,33,Riyadh,New
C03072,Female,33,Riyadh,Regular
C03073,Male,53,Dammam,New
C03074,Male,37,Madinah,Regular
C03075,Female,48,Abha,Regular
C03076,Female,29,Jeddah,Regular
C03077,Female,40,Dammam,Occasional
C03078,Male,43,Madinah,Regular
C03079,Male,28,Dammam,Regular
C03080,Female,40,Jeddah,Premium
C03081,Female,25,Abha,Regular
C03082,Female,19,Makkah,Regular
C03083,Male,32,Abha,Occasional
C03084,Female,21,Riyadh,Regular
C03085,Female,44,Dammam,New
C03086,Female,41,Madinah,Regular
C03087,Male,58,Riyadh,Regular
C03088,Male,43,Makkah,Regular
C03089,Female,18,Riyadh,Regular
C03090,Male,48,Makkah,Premium
C03091,Male,52,Dammam,Occasional
C03092,Female,30,Riyadh,Occasional
C03093,Male,35,Jeddah,Regular
C03094,Female,69,Khobar,Regular
C03095,Male,41,Dammam,Premium
C03096,Female,55,Jeddah,Occasional
C03097,Female,20,Madinah,Occasional
C03098,Male,32,Jeddah,Premium
C03099,Male,33,Jeddah,Regular
C03100,Male,37,Riyadh,New
C03101,Male,45,Abha,Regular
C03102,Female,55,Riyadh,Regular
C03103,Female,31,Dammam,Regular
C03104,Male,22,Makkah,Occasional
C03105,Male,45,Riyadh,New
C03106,Male,40,Dammam,New
C03107,Female,30,Riyadh,Occasional
C03108,Male,38,Makkah,Regular
C03109,Female,51,Dammam,Regular
C03110,Female,51,Madinah,Regular
C03111,Female,43,Madinah,New
C03112,Male,25,Khobar,Occasional
C03113,Female,59,Makkah,Regular
C03114,Male,44,Dammam,Premium
C03115,Male,27,Jeddah,Regular
C03116,Female,31,Khobar,New
C03117,Female,48,Abha,Regular
C03118,Male,28,Jeddah,Regular
C03119,Male,25,Jeddah,Premium
C03120,Male,35,Jeddah,Regular
C03121,Male,34,Jeddah,New
C03122,Male,36,Riyadh,New
C03123,Male,24,Jeddah,New
C03124,Male,36,Jeddah,Occasional
C03125,Female,25,Dammam,Occasional
C03126,Female,23,Jeddah,Occasional
C03127,Female,23,Dammam,Regular
C03128,Male,64,Madinah,Occasional
C03129,Female,54,Abha,Regular
C03130,Female,33,Dammam,Occasional
C03131,Female,49,Riyadh,Regular
C03132,Female,38,Tabuk,Regular
C03133,Female,69,Khobar,Occasional
C03134,Male,30,Jeddah,New
C03135,Male,42,Riyadh,Regular
C03136,Female,23,Riyadh,Premium
C03137,Female,25,Riyadh,New
C03138,Female,61,Riyadh,Occasional
C03139,Male,42,Abha,Regular
C03140,Male,33,Dammam,Occasional
C03141,Male,20,Khobar,Regular
C03142,Female,42,Madinah,Regular
C03143,Female,41,Makkah,New
C03144,Male,27,Madinah,Regular
C03145,Male,56,Tabuk,Regular
C03146,Male,24,Jeddah,Premium
C03147,Female,27,Abha,Regular
C03148,Female,58,Makkah,Regular
C03149,Female,28,Riyadh,Regular
C03150,Male,30,Khobar,Premium
C03151,Female,41,Khobar,Regular
C03152,Male,48,Abha,Regular
C03153,Female,19,Jeddah,Premium
C03154,Male,60,Dammam,Occasional
C03155,Male,53,Riyadh,Occasional
C03156,Female,30,Jeddah,Premium
C03157,Female,37,Riyadh,Occasional
C03158,Male,25,Dammam,New
C03159,Female,34,Makkah,New
C03160,Male,54,Riyadh,Premium
C03161,Male,67,Dammam,Occasional
C03162,Male,22,Riyadh,Regular
C03163,Male,34,Riyadh,Premium
C03164,Male,44,Jeddah,Regular
C03165,Male,27,Riyadh,Regular
C03166,Male,32,Dammam,Regular
C03167,Female,19,Riyadh,Occasional
C03168,Male,35,Riyadh,Occasional
C03169,Female,26,Dammam,Regular
C03170,Male,27,Dammam,Regular
C03171,Female,47,Riyadh,Regular
C03172,Male,52,Dammam,Regular
C03173,Male,39,Madinah,New
C03174,Male,32,Makkah,Occasional
C03175,Male,40,Riyadh,New
C03176,Male,26,Dammam,Occasional
C03177,Female,28,Khobar,Regular
C03178,Female,53,Riyadh,Regular
C03179,Female,21,Madinah,Regular
C03180,Female,22,Abha,Regular
C03181,Male,22,Madinah,Occasional
C03182,Male,34,Madinah,Regular
C03183,Male,23,Makkah,Regular
C03184,Male,64,Dammam,Occasional
C03185,Male,31,Khobar,New
C03186,Male,23,Makkah,Regular
C03187,Male,29,Khobar,Occasional
C03188,Male,70,Jeddah,Premium
C03189,Female,39,Jeddah,Regular
C03190,Female,27,Madinah,Premium
C03191,Male,51,Riyadh,Premium
C03192,Female,34,Khobar,Occasional
C03193,Female,29,Abha,Regular
C03194,Male,31,Khobar,Occasional
C03195,Male,26,Tabuk,New
C03196,Male,33,Khobar,Regular
C03197,Female,42,Riyadh,Occasional
C03198,Female,29,Madinah,Regular
C03199,Male,36,Riyadh,Regular
C03200,Male,23,Jeddah,Occasional
C03201,Female,32,Jeddah,Occasional
C03202,Male,31,Riyadh,Regular
C03203,Male,70,Jeddah,New
C03204,Female,32,Jeddah,Regular
C03205,Female,38,Dammam,New
C03206,Female,27,Makkah,Regular
C03207,Female,24,Riyadh,Regular
C03208,Female,19,Riyadh,Regular
C03209,Male,29,Khobar,Regular
C03210,Female,31,Khobar,Occasional
C03211,Male,25,Abha,Occasional
C03212,Female,48,Riyadh,Regular
C03213,Male,24,Madinah,Premium
C03214,Female,36,Dammam,Regular
C03215,Male,30,Dammam,Premium
C03216,Male,35,Riyadh,Occasional
C03217,Male,41,Jeddah,Occasional
C03218,Male,27,Riyadh,New
C03219,Female,25,Riyadh,Regular
C03220,Female,52,Jeddah,Regular
C03221,Male,51,Makkah,Occasional
C03222,Male,26,Makkah,New
C03223,Male,24,Dammam,Occasional
C03224,Male,47,Dammam,Regular
C03225,Male,33,Jeddah,Regular
C03226,Female,42,Tabuk,Occasional
C03227,Male,29,Dammam,Occasional
C03228,Male,24,Riyadh,New
C03229,Male,37,Riyadh,Regular
C03230,Male,35,Dammam,New
C03231,Male,25,Dammam,Premium
C03232,Female,36,Riyadh,New
C03233,Male,52,Madinah,New
C03234,Male,35,Khobar,Occasional
C03235,Male,20,Khobar,Occasional
C03236,Male,39,Riyadh,Premium
C03237,Male,43,Jeddah,Premium
C03238,Female,53,Abha,Regular
C03239,Female,36,Madinah,Premium
C03240,Female,31,Riyadh,Regular
C03241,Male,35,Riyadh,Regular
C03242,Male,37,Jeddah,New
C03243,Male,23,Jeddah,Regular
C03244,Female,33,Khobar,Occasional
C03245,Female,34,Tabuk,Occasional
C03246,Male,36,Jeddah,Regular
C03247,Male,31,Riyadh,Regular
C03248,Male,38,Madinah,Regular
C03249,Female,56,Riyadh,Occasional
C03250,Female,47,Abha,Occasional
C03251,Male,60,Khobar,Regular
C03252,Male,70,Abha,Occasional
C03253,Female,19,Riyadh,Premium
C03254,Male,43,Riyadh,Occasional
C03255,Male,32,Jeddah,Regular
C03256,Male,54,Jeddah,Occasional
C03257,Female,33,Jeddah,New
C03258,Male,58,Abha,Occasional
C03259,Male,38,Madinah,Regular
C03260,Female,53,Khobar,Regular
C03261,Male,21,Riyadh,Occasional
C03262,Male,26,Makkah,Regular
C03263,Male,52,Makkah,Premium
C03264,Male,18,Jeddah,Occasional
C03265,Female,53,Abha,Regular
C03266,Male,18,Riyadh,Premium
C03267,Male,42,Riyadh,New
C03268,Female,29,Riyadh,Regular
C03269,Female,39,Makkah,Regular
C03270,Female,37,Dammam,Occasional
C03271,Male,29,Jeddah,New
C03272,Male,21,Riyadh,Premium
C03273,Female,18,Riyadh,Occasional
C03274,Male,43,Riyadh,Occasional
C03275,Female,44,Jeddah,Regular
C03276,Female,48,Riyadh,Regular
C03277,Female,37,Riyadh,Premium
C03278,Male,30,Madinah,Occasional
C03279,Male,25,Jeddah,Occasional
C03280,Female,22,Makkah,Regular
C03281,Male,31,Riyadh,Occasional
C03282,Male,56,Jeddah,Occasional
C03283,Female,54,Jeddah,Regular
C03284,Female,33,Riyadh,Occasional
C03285,Male,40,Riyadh,Premium
C03286,Male,46,Madinah,New
C03287,Male,32,Abha,Occasional
C03288,Female,18,Riyadh,Occasional
C03289,Female,21,Jeddah,Occasional
C03290,Male,35,Abha,Occasional
C03291,Male,55,Riyadh,New
C03292,Female,38,Khobar,Occasional
C03293,Male,21,Tabuk,New
C03294,Male,32,Tabuk,Occasional
C03295,Female,45,Jeddah,Regular
C03296,Male,54,Riyadh,New
C03297,Female,37,Riyadh,Occasional
C03298,Male,35,Madinah,Occasional
C03299,Male,18,Abha,New
C03300,Female,54,Dammam,Premium
C03301,Male,53,Makkah,Regular
C03302,Female,31,Makkah,Regular
C03303,Female,42,Khobar,Occasional
C03304,Male,25,Madinah,Occasional
C03305,Male,22,Khobar,New
C03306,Male,26,Dammam,Regular
C03307,Male,25,Riyadh,Occasional
C03308,Male,27,Makkah,New
C03309,Male,31,Jeddah,Occasional
C03310,Male,35,Riyadh,Regular
C03311,Female,36,Makkah,Occasional
C03312,Female,26,Khobar,New
C03313,Female,21,Abha,New
C03314,Male,37,Riyadh,Occasional
C03315,Male,27,Khobar,New
C03316,Female,34,Riyadh,Regular
C03317,Male,49,Abha,Regular
C03318,Male,47,Riyadh,New
C03319,Female,51,Khobar,Regular
C03320,Female,39,Makkah,Regular
C03321,Male,21,Jeddah,Regular
C03322,Male,37,Abha,Occasional
C03323,Female,28,Madinah,Occasional
C03324,Female,26,Riyadh,Regular
C03325,Female,18,Riyadh,New
C03326,Female,47,Riyadh,New
C03327,Female,20,Riyadh,Regular
C03328,Male,56,Madinah,Regular
C03329,Male,45,Tabuk,Occasional
C03330,Female,35,Riyadh,Occasional
C03331,Female,46,Jeddah,Regular
C03332,Female,43,Dammam,Regular
C03333,Male,49,Riyadh,Regular
C03334,Male,33,Jeddah,Regular
C03335,Female,52,Jeddah,Regular
C03336,Female,40,Dammam,Occasional
C03337,Female,55,Khobar,Occasional
C03338,Female,44,Khobar,Occasional
C03339,Female,39,Riyadh,Regular
C03340,Female,45,Makkah,Occasional
C03341,Female,51,Khobar,Premium
C03342,Female,44,Madinah,Regular
C03343,Female,32,Jeddah,Occasional
C03344,Male,42,Madinah,Occasional
C03345,Male,61,Madinah,Regular
C03346,Female,46,Jeddah,Occasional
C03347,Male,49,Jeddah,New
C03348,Male,21,Abha,Occasional
C03349,Male,39,Khobar,Occasional
C03350,Male,44,Abha,New
C03351,Male,53,Makkah,Occasional
C03352,Male,24,Dammam,Occasional
C03353,Female,48,Riyadh,Premium
C03354,Male,42,Riyadh,Regular
C03355,Male,32,Tabuk,Occasional
C03356,Male,26,Jeddah,Occasional
C03357,Female,30,Riyadh,Regular
C03358,Male,39,Khobar,New
C03359,Female,19,Makkah,Regular
C03360,Female,34,Riyadh,Occasional
C03361,Female,48,Riyadh,Regular
C03362,Male,24,Jeddah,Regular
C03363,Female,25,Riyadh,Occasional
C03364,Male,43,Makkah,Regular
C03365,Female,44,Jeddah,Premium
C03366,Female,45,Madinah,Regular
C03367,Male,29,Makkah,Regular
C03368,Male,51,Khobar,Occasional
C03369,Male,42,Jeddah,New
C03370,Female,19,Jeddah,Premium
C03371,Male,28,Jeddah,Occasional
C03372,Female,26,Jeddah,Occasional
C03373,Male,28,Madinah,New
C03374,Female,50,Jeddah,New
C03375,Female,40,Madinah,Occasional
C03376,Female,26,Riyadh,Regular
C03377,Female,28,Riyadh,Regular
C03378,Male,28,Tabuk,Regular
C03379,Male,35,Dammam,Occasional
C03380,Female,26,Jeddah,Occasional
C03381,Male,37,Dammam,Occasional
C03382,Male,29,Riyadh,Occasional
C03383,Male,42,Khobar,Regular
C03384,Male,50,Riyadh,Occasional
C03385,Male,27,Dammam,Regular
C03386,Female,40,Dammam,Regular
C03387,Male,61,Abha,Regular
C03388,Female,30,Dammam,New
C03389,Male,44,Riyadh,Premium
C03390,Female,23,Dammam,Occasional
C03391,Male,35,Riyadh,Regular
C03392,Female,20,Riyadh,Regular
C03393,Female,61,Riyadh,New
C03394,Male,38,Jeddah,Occasional
C03395,Female,48,Riyadh,Regular
C03396,Female,41,Jeddah,Regular
C03397,Female,43,Abha,New
C03398,Female,26,Khobar,Regular
C03399,Male,53,Riyadh,Occasional
C03400,Female,57,Riyadh,Regular
C03401,Male,40,Khobar,Regular
C03402,Male,58,Madinah,Regular
C03403,Female,35,Riyadh,Occasional
C03404,Male,43,Makkah,Occasional
C03405,Female,40,Dammam,Regular
C03406,Female,32,Dammam,Occasional
C03407,Female,24,Abha,New
C03408,Female,26,Makkah,New
C03409,Male,41,Madinah,Regular
C03410,Male,30,Jeddah,Regular
C03411,Male,26,Dammam,New
C03412,Male,70,Dammam,Regular
C03413,Male,26,Jeddah,Premium
C03414,Male,38,Dammam,New
C03415,Female,21,Riyadh,Regular
C03416,Female,20,Riyadh,Regular
C03417,Male,52,Jeddah,Regular
C03418,Female,41,Makkah,Occasional
C03419,Male,46,Abha,Regular
C03420,Male,20,Jeddah,New
C03421,Female,44,Khobar,Occasional
C03422,Female,33,Riyadh,Regular
C03423,Female,29,Abha,Regular
C03424,Male,19,Dammam,Regular
C03425,Female,20,Makkah,Occasional
C03426,Female,32,Makkah,Regular
C03427,Female,21,Riyadh,New
C03428,Female,68,Dammam,Regular
C03429,Female,26,Tabuk,Regular
C03430,Female,19,Riyadh,Regular
C03431,Female,30,Khobar,Occasional
C03432,Female,42,Tabuk,Regular
C03433,Female,24,Jeddah,Regular
C03434,Male,48,Madinah,New
C03435,Female,56,Abha,Occasional
C03436,Male,33,Makkah,Occasional
C03437,Male,38,Riyadh,Occasional
C03438,Female,18,Jeddah,Occasional
C03439,Female,39,Riyadh,Regular
C03440,Female,31,Madinah,Premium
C03441,Male,29,Madinah,Occasional
C03442,Male,26,Dammam,Regular
C03443,Male,40,Jeddah,Occasional
C03444,Female,31,Riyadh,Premium
C03445,Female,30,Makkah,Regular
C03446,Female,37,Makkah,Premium
C03447,Female,44,Abha,Regular
C03448,Female,52,Makkah,Occasional
C03449,Female,20,Madinah,Regular
C03450,Male,49,Makkah,Regular
C03451,Male,43,Dammam,New
C03452,Female,20,Jeddah,Regular
C03453,Female,39,Abha,Occasional
C03454,Male,31,Khobar,New
C03455,Female,65,Jeddah,New
C03456,Male,23,Riyadh,New
C03457,Male,41,Riyadh,Regular
C03458,Female,29,Dammam,New
C03459,Female,70,Riyadh,Occasional
C03460,Female,26,Riyadh,Occasional
C03461,Male,59,Dammam,Premium
C03462,Male,61,Riyadh,New
C03463,Female,31,Makkah,Occasional
C03464,Female,48,Jeddah,Occasional
C03465,Male,55,Dammam,Premium
C03466,Female,30,Riyadh,Regular
C03467,Male,27,Jeddah,New
C03468,Female,39,Jeddah,Regular
C03469,Female,28,Makkah,Regular
C03470,Male,24,Makkah,Occasional
C03471,Male,26,Riyadh,Premium
C03472,Female,31,Dammam,Regular
C03473,Female,29,Riyadh,Regular
C03474,Female,31,Tabuk,Regular
C03475,Female,53,Abha,Regular
C03476,Female,38,Dammam,Regular
C03477,Female,22,Khobar,Regular
C03478,Male,43,Makkah,Occasional
C03479,Male,44,Makkah,New
C03480,Male,65,Khobar,Regular
C03481,Male,23,Abha,Regular
C03482,Female,28,Dammam,Regular
C03483,Male,59,Dammam,Occasional
C03484,Female,67,Madinah,New
C03485,Female,39,Khobar,Regular
C03486,Female,52,Makkah,Regular
C03487,Male,24,Riyadh,Occasional
C03488,Male,38,Jeddah,Occasional
C03489,Male,28,Riyadh,Regular
C03490,Male,31,Jeddah,Occasional
C03491,Male,49,Jeddah,Occasional
C03492,Female,23,Tabuk,New
C03493,Female,40,Dammam,Regular
C03494,Female,66,Makkah,New
C03495,Female,30,Jeddah,Regular
C03496,Male,68,Madinah,Occasional
C03497,Female,64,Dammam,Occasional
C03498,Female,39,Khobar,Regular
C03499,Male,29,Riyadh,Occasional
C03500,Female,33,Dammam,Regular
C03501,Male,32,Dammam,Regular
C03502,Female,28,Dammam,Regular
C03503,Female,31,Abha,Regular
C03504,Male,62,Madinah,Regular
C03505,Female,33,Tabuk,New
C03506,Female,49,Khobar,Regular
C03507,Female,20,Tabuk,Regular
C03508,Male,38,Madinah,Regular
C03509,Female,69,Riyadh,Regular
C03510,Male,34,Jeddah,Regular
C03511,Male,30,Riyadh,Regular
C03512,Male,44,Riyadh,Regular
C03513,Female,39,Riyadh,Premium
C03514,Female,43,Riyadh,Occasional
C03515,Female,27,Khobar,Occasional
C03516,Female,26,Jeddah,Regular
C03517,Male,60,Jeddah,Premium
C03518,Male,67,Makkah,New
C03519,Male,41,Madinah,Regular
C03520,Male,49,Tabuk,New
C03521,Male,35,Khobar,Regular
C03522,Male,27,Jeddah,Regular
C03523,Male,27,Jeddah,Occasional
C03524,Male,28,Riyadh,New
C03525,Male,44,Riyadh,Regular
C03526,Male,23,Jeddah,Regular
C03527,Female,29,Tabuk,Regular
C03528,Female,45,Riyadh,New
C03529,Female,40,Riyadh,Occasional
C03530,Male,43,Riyadh,Regular
C03531,Male,65,Khobar,Regular
C03532,Female,18,Jeddah,Regular
C03533,Male,42,Jeddah,Regular
C03534,Male,52,Riyadh,Regular
C03535,Male,37,Jeddah,Occasional
C03536,Male,33,Riyadh,Regular
C03537,Male,20,Dammam,Regular
C03538,Male,52,Riyadh,Occasional
C03539,Female,37,Makkah,Regular
C03540,Male,54,Dammam,Premium
C03541,Male,39,Makkah,Premium
C03542,Female,37,Jeddah,Regular
C03543,Male,49,Jeddah,Occasional
C03544,Male,43,Riyadh,Occasional
C03545,Female,28,Dammam,Premium
C03546,Male,40,Jeddah,Regular
C03547,Male,47,Jeddah,Regular
C03548,Male,27,Makkah,Occasional
C03549,Male,29,Madinah,Regular
C03550,Female,23,Makkah,Regular
C03551,Female,62,Riyadh,Regular
C03552,Male,20,Dammam,Regular
C03553,Female,42,Riyadh,Occasional
C03554,Male,32,Khobar,New
C03555,Male,27,Jeddah,New
C03556,Female,44,Riyadh,Premium
C03557,Male,24,Madinah,Occasional
C03558,Male,44,Dammam,Occasional
C03559,Male,46,Jeddah,New
C03560,Male,54,Riyadh,Regular
C03561,Male,26,Dammam,Occasional
C03562,Female,53,Abha,Premium
C03563,Male,41,Dammam,Occasional
C03564,Male,50,Tabuk,Regular
C03565,Male,41,Riyadh,Occasional
C03566,Female,42,Dammam,New
C03567,Female,66,Makkah,Regular
C03568,Female,45,Dammam,Regular
C03569,Female,32,Riyadh,Regular
C03570,Female,27,Dammam,Regular
C03571,Male,27,Dammam,Regular
C03572,Male,30,Makkah,Regular
C03573,Female,28,Makkah,New
C03574,Female,28,Makkah,Regular
C03575,Female,48,Khobar,Occasional
C03576,Male,19,Riyadh,New
C03577,Male,43,Jeddah,New
C03578,Male,32,Makkah,Occasional
C03579,Female,27,Abha,Regular
C03580,Male,18,Riyadh,Occasional
C03581,Male,25,Dammam,Regular
C03582,Female,45,Jeddah,New
C03583,Male,48,Riyadh,Occasional
C03584,Female,30,Jeddah,Occasional
C03585,Male,38,Dammam,Premium
C03586,Male,37,Riyadh,Occasional
C03587,Male,52,Makkah,Occasional
C03588,Female,52,Makkah,New
C03589,Male,40,Tabuk,Premium
C03590,Male,43,Riyadh,New
C03591,Female,54,Dammam,Premium
C03592,Male,18,Jeddah,Occasional
C03593,Female,32,Jeddah,Occasional
C03594,Female,60,Dammam,Regular
C03595,Male,45,Makkah,Premium
C03596,Female,38,Riyadh,Occasional
C03597,Male,39,Tabuk,Regular
C03598,Female,31,Makkah,Regular
C03599,Male,42,Makkah,Occasional
C03600,Female,43,Makkah,Occasional
C03601,Male,30,Jeddah,Occasional
C03602,Female,44,Makkah,Regular
C03603,Male,53,Jeddah,Premium
C03604,Male,28,Madinah,Occasional
C03605,Male,42,Riyadh,Occasional
C03606,Male,27,Riyadh,Occasional
C03607,Female,38,Dammam,Occasional
C03608,Male,34,Jeddah,Regular
C03609,Female,38,Jeddah,Regular
C03610,Female,50,Jeddah,New
C03611,Female,33,Madinah,Regular
C03612,Male,60,Dammam,Occasional
C03613,Male,55,Jeddah,New
C03614,Female,22,Riyadh,New
C03615,Male,33,Jeddah,Occasional
C03616,Male,59,Jeddah,Regular
C03617,Female,60,Makkah,New
C03618,Female,20,Riyadh,Occasional
C03619,Female,19,Riyadh,Regular
C03620,Male,28,Jeddah,Occasional
C03621,Female,58,Jeddah,Regular
C03622,Male,29,Jeddah,New
C03623,Male,44,Makkah,Regular
C03624,Female,53,Jeddah,Occasional
C03625,Male,22,Jeddah,Occasional
C03626,Male,42,Dammam,Occasional
C03627,Male,31,Riyadh,Occasional
C03628,Female,49,Khobar,New
C03629,Female,33,Dammam,Regular
C03630,Female,43,Jeddah,Regular
C03631,Female,44,Makkah,Occasional
C03632,Male,34,Riyadh,Regular
C03633,Male,19,Madinah,Regular
C03634,Male,28,Dammam,Regular
C03635,Male,32,Dammam,Regular
C03636,Male,45,Madinah,Occasional
C03637,Female,49,Makkah,Occasional
C03638,Male,42,Dammam,Regular
C03639,Male,36,Makkah,Occasional
C03640,Male,36,Jeddah,Regular
C03641,Male,52,Dammam,Occasional
C03642,Female,34,Riyadh,Regular
C03643,Male,33,Riyadh,Occasional
C03644,Male,31,Madinah,Regular
C03645,Female,42,Riyadh,Regular
C03646,Male,29,Riyadh,Occasional
C03647,Male,25,Makkah,Premium
C03648,Male,21,Riyadh,New
C03649,Female,36,Riyadh,Occasional
C03650,Female,27,Dammam,Regular
C03651,Female,27,Dammam,Occasional
C03652,Male,33,Makkah,Regular
C03653,Female,34,Jeddah,Regular
C03654,Male,38,Jeddah,New
C03655,Male,26,Makkah,Regular
C03656,Male,27,Jeddah,Occasional
C03657,Male,37,Dammam,Regular
C03658,Male,31,Madinah,Occasional
C03659,Female,32,Jeddah,Regular
C03660,Female,50,Jeddah,Regular
C03661,Male,28,Riyadh,New
C03662,Male,30,Dammam,Regular
C03663,Male,22,Riyadh,Occasional
C03664,Male,35,Jeddah,Occasional
C03665,Female,44,Makkah,Occasional
C03666,Male,42,Dammam,Occasional
C03667,Female,35,Riyadh,Regular
C03668,Male,29,Makkah,Premium
C03669,Male,26,Riyadh,New
C03670,Male,50,Makkah,Occasional
C03671,Male,63,Dammam,Regular
C03672,Male,22,Riyadh,Regular
C03673,Female,38,Abha,Occasional
C03674,Male,26,Riyadh,New
C03675,Female,21,Tabuk,New
C03676,Male,27,Riyadh,New
C03677,Male,23,Riyadh,Regular
C03678,Male,42,Riyadh,New
C03679,Female,42,Riyadh,New
C03680,Male,22,Makkah,Regular
C03681,Female,22,Khobar,Regular
C03682,Male,54,Makkah,Regular
C03683,Female,27,Riyadh,Occasional
C03684,Male,41,Jeddah,Regular
C03685,Female,30,Khobar,Premium
C03686,Female,35,Jeddah,Regular
C03687,Female,28,Khobar,Regular
C03688,Male,23,Dammam,Regular
C03689,Male,30,Riyadh,Occasional
C03690,Male,27,Makkah,Regular
C03691,Female,30,Makkah,New
C03692,Male,44,Khobar,New
C03693,Female,30,Riyadh,New
C03694,Male,21,Riyadh,Occasional
C03695,Male,43,Jeddah,Regular
C03696,Male,43,Riyadh,Regular
C03697,Female,56,Riyadh,Regular
C03698,Female,38,Makkah,New
C03699,Female,43,Dammam,Regular
C03700,Male,38,Dammam,Occasional
C03701,Female,62,Riyadh,Occasional
C03702,Female,54,Abha,New
C03703,Male,27,Riyadh,Occasional
C03704,Female,27,Makkah,Occasional
C03705,Female,33,Tabuk,Regular
C03706,Female,44,Makkah,Occasional
C03707,Female,52,Tabuk,Premium
C03708,Male,35,Khobar,New
C03709,Male,19,Riyadh,Regular
C03710,Female,36,Riyadh,Premium
C03711,Male,47,Jeddah,New
C03712,Female,26,Riyadh,Regular
C03713,Female,37,Khobar,New
C03714,Female,32,Riyadh,New
C03715,Female,50,Makkah,Occasional
C03716,Male,51,Jeddah,Premium
C03717,Male,44,Jeddah,Regular
C03718,Male,44,Tabuk,New
C03719,Male,50,Riyadh,New
C03720,Male,35,Makkah,Regular
C03721,Male,27,Makkah,Regular
C03722,Female,45,Riyadh,Regular
C03723,Female,34,Jeddah,New
C03724,Male,33,Jeddah,Regular
C03725,Male,53,Makkah,Regular
C03726,Female,39,Dammam,Occasional
C03727,Male,28,Jeddah,Regular
C03728,Male,33,Makkah,New
C03729,Male,33,Riyadh,Premium
C03730,Female,27,Makkah,Premium
C03731,Male,29,Madinah,Regular
C03732,Female,47,Madinah,Regular
C03733,Male,34,Makkah,Regular
C03734,Male,36,Jeddah,Regular
C03735,Male,25,Tabuk,Regular
C03736,Male,66,Jeddah,New
C03737,Female,34,Dammam,Premium
C03738,Female,19,Riyadh,New
C03739,Female,20,Tabuk,Occasional
C03740,Female,42,Khobar,Regular
C03741,Female,37,Makkah,Premium
C03742,Female,31,Riyadh,Regular
C03743,Female,31,Makkah,Regular
C03744,Male,19,Makkah,Regular
C03745,Male,43,Khobar,Regular
C03746,Male,37,Riyadh,Occasional
C03747,Female,19,Jeddah,Occasional
C03748,Male,21,Riyadh,Premium
C03749,Male,20,Jeddah,Regular
C03750,Female,19,Riyadh,Occasional
C03751,Female,42,Jeddah,Premium
C03752,Female,29,Riyadh,New
C03753,Male,27,Riyadh,Occasional
C03754,Female,29,Riyadh,New
C03755,Male,65,Abha,Regular
C03756,Male,52,Dammam,New
C03757,Male,31,Jeddah,Occasional
C03758,Male,30,Dammam,Occasional
C03759,Male,25,Dammam,Regular
C03760,Female,44,Abha,Premium
C03761,Male,18,Riyadh,New
C03762,Female,35,Riyadh,Occasional
C03763,Male,44,Tabuk,Premium
C03764,Male,52,Jeddah,Premium
C03765,Male,32,Riyadh,Premium
C03766,Male,51,Riyadh,Occasional
C03767,Female,50,Riyadh,Occasional
C03768,Male,21,Tabuk,Regular
C03769,Male,25,Riyadh,Regular
C03770,Male,33,Abha,Regular
C03771,Male,25,Tabuk,Regular
C03772,Female,28,Dammam,Premium
C03773,Male,37,Riyadh,Regular
C03774,Female,31,Riyadh,Premium
C03775,Female,59,Jeddah,New
C03776,Female,22,Jeddah,Occasional
C03777,Female,58,Dammam,New
C03778,Female,25,Jeddah,Regular
C03779,Female,49,Abha,New
C03780,Female,28,Dammam,Occasional
C03781,Male,23,Khobar,Regular
C03782,Male,54,Madinah,Regular
C03783,Male,32,Riyadh,Occasional
C03784,Female,36,Riyadh,New
C03785,Female,42,Riyadh,Regular
C03786,Male,35,Riyadh,Regular
C03787,Female,38,Jeddah,Occasional
C03788,Male,47,Jeddah,New
C03789,Male,22,Jeddah,Occasional
C03790,Female,39,Tabuk,Regular
C03791,Male,49,Riyadh,Regular
C03792,Male,21,Dammam,Regular
C03793,Female,21,Riyadh,New
C03794,Female,42,Jeddah,Occasional
C03795,Male,27,Dammam,Occasional
C03796,Female,28,Abha,Regular
C03797,Male,18,Jeddah,New
C03798,Male,41,Riyadh,Occasional
C03799,Male,18,Jeddah,New
C03800,Female,36,Riyadh,Occasional
C03801,Male,51,Riyadh,Occasional
C03802,Female,25,Dammam,Occasional
C03803,Female,37,Riyadh,Regular
C03804,Female,67,Jeddah,New
C03805,Male,40,Dammam,Premium
C03806,Female,50,Jeddah,Occasional
C03807,Male,30,Riyadh,New
C03808,Male,46,Tabuk,Regular
C03809,Male,19,Jeddah,Occasional
C03810,Male,23,Makkah,Occasional
C03811,Female,34,Jeddah,Occasional
C03812,Male,29,Jeddah,New
C03813,Male,51,Jeddah,Occasional
C03814,Female,31,Jeddah,Occasional
C03815,Male,39,Riyadh,Regular
C03816,Female,42,Jeddah,Regular
C03817,Male,44,Madinah,Regular
C03818,Female,30,Khobar,Occasional
C03819,Female,39,Riyadh,Regular
C03820,Male,28,Dammam,Occasional
C03821,Male,24,Madinah,Regular
C03822,Male,58,Khobar,Occasional
C03823,Female,22,Riyadh,Premium
C03824,Male,22,Madinah,Occasional
C03825,Male,45,Jeddah,Occasional
C03826,Male,25,Jeddah,New
C03827,Male,37,Dammam,Occasional
C03828,Male,27,Madinah,Occasional
C03829,Female,26,Abha,New
C03830,Male,26,Abha,Occasional
C03831,Male,30,Riyadh,Regular
C03832,Female,25,Abha,New
C03833,Female,40,Riyadh,Occasional
C03834,Male,39,Riyadh,Regular
C03835,Male,60,Jeddah,Occasional
C03836,Male,22,Jeddah,New
C03837,Female,41,Dammam,New
C03838,Male,35,Jeddah,New
C03839,Female,67,Abha,Regular
C03840,Female,20,Riyadh,Regular
C03841,Male,40,Riyadh,Regular
C03842,Male,45,Abha,Regular
C03843,Male,31,Riyadh,New
C03844,Male,48,Dammam,Regular
C03845,Male,20,Khobar,Occasional
C03846,Female,54,Jeddah,Occasional
C03847,Female,63,Khobar,Occasional
C03848,Female,35,Riyadh,Regular
C03849,Female,32,Madinah,Regular
C03850,Male,18,Riyadh,Regular
C03851,Male,67,Jeddah,Regular
C03852,Male,39,Riyadh,New
C03853,Female,19,Dammam,Occasional
C03854,Female,42,Khobar,Regular
C03855,Female,40,Abha,New
C03856,Male,24,Makkah,Regular
C03857,Male,32,Dammam,Occasional
C03858,Female,22,Abha,Regular
C03859,Male,40,Jeddah,Occasional
C03860,Female,40,Dammam,Regular
C03861,Female,40,Dammam,Regular
C03862,Female,49,Jeddah,Regular
C03863,Male,52,Madinah,Regular
C03864,Male,36,Riyadh,Occasional
C03865,Male,24,Dammam,Premium
C03866,Male,38,Makkah,Occasional
C03867,Male,25,Abha,Occasional
C03868,Female,39,Madinah,Occasional
C03869,Female,37,Jeddah,Occasional
C03870,Male,28,Khobar,Regular
C03871,Male,61,Jeddah,Occasional
C03872,Male,22,Jeddah,New
C03873,Male,38,Abha,Occasional
C03874,Female,18,Abha,Occasional
C03875,Male,60,Madinah,Occasional
C03876,Male,20,Riyadh,Regular
C03877,Male,19,Madinah,Occasional
C03878,Female,30,Abha,New
C03879,Female,31,Jeddah,Premium
C03880,Male,25,Jeddah,New
C03881,Male,38,Makkah,Regular
C03882,Female,33,Dammam,Regular
C03883,Female,24,Tabuk,New
C03884,Male,34,Jeddah,Occasional
C03885,Female,50,Khobar,New
C03886,Female,36,Makkah,New
C03887,Female,38,Jeddah,Regular
C03888,Female,40,Madinah,Occasional
C03889,Female,28,Dammam,Regular
C03890,Male,24,Jeddah,Regular
C03891,Female,34,Riyadh,Regular
C03892,Male,51,Jeddah,Occasional
C03893,Female,66,Makkah,Regular
C03894,Male,37,Abha,Occasional
C03895,Female,23,Riyadh,Occasional
C03896,Female,22,Jeddah,Premium
C03897,Male,28,Riyadh,Occasional
C03898,Female,37,Khobar,Regular
C03899,Male,21,Tabuk,Regular
C03900,Female,57,Khobar,Occasional
C03901,Male,26,Dammam,Regular
C03902,Male,65,Dammam,New
C03903,Female,47,Riyadh,Occasional
C03904,Male,54,Makkah,Occasional
C03905,Female,35,Dammam,Occasional
C03906,Male,37,Khobar,Premium
C03907,Male,43,Madinah,Premium
C03908,Male,38,Makkah,Premium
C03909,Female,37,Makkah,Regular
C03910,Male,70,Abha,Regular
C03911,Male,52,Tabuk,New
C03912,Male,45,Dammam,Regular
C03913,Male,49,Riyadh,Occasional
C03914,Female,25,Jeddah,Regular
C03915,Female,24,Makkah,Regular
C03916,Male,39,Riyadh,Regular
C03917,Female,36,Riyadh,Occasional
C03918,Male,45,Riyadh,Regular
C03919,Female,31,Makkah,Regular
C03920,Female,35,Jeddah,Occasional
C03921,Female,37,Jeddah,Occasional
C03922,Male,20,Riyadh,Premium
C03923,Female,40,Makkah,Occasional
C03924,Male,50,Jeddah,Occasional
C03925,Female,31,Riyadh,Occasional
C03926,Male,35,Khobar,Regular
C03927,Female,41,Dammam,Regular
C03928,Female,26,Jeddah,Regular
C03929,Female,23,Khobar,New
C03930,Male,67,Riyadh,Regular
C03931,Female,32,Makkah,New
C03932,Male,29,Riyadh,Regular
C03933,Female,34,Riyadh,Regular
C03934,Male,37,Makkah,Regular
C03935,Male,42,Khobar,Premium
C03936,Male,42,Riyadh,New
C03937,Male,21,Riyadh,Occasional
C03938,Male,52,Madinah,Occasional
C03939,Male,29,Makkah,Occasional
C03940,Male,29,Jeddah,Occasional
C03941,Female,37,Khobar,New
C03942,Female,31,Riyadh,Regular
C03943,Male,53,Jeddah,Occasional
C03944,Male,63,Riyadh,Occasional
C03945,Male,25,Jeddah,New
C03946,Male,45,Riyadh,Occasional
C03947,Female,54,Jeddah,New
C03948,Female,66,Jeddah,Occasional
C03949,Male,29,Jeddah,Regular
C03950,Male,35,Riyadh,Regular
C03951,Male,28,Jeddah,Occasional
C03952,Female,45,Makkah,Occasional
C03953,Female,24,Jeddah,Premium
C03954,Male,36,Khobar,Regular
C03955,Male,26,Jeddah,Regular
C03956,Female,28,Jeddah,New
C03957,Female,42,Dammam,Regular
C03958,Male,46,Abha,Occasional
C03959,Male,43,Riyadh,Regular
C03960,Male,53,Riyadh,Regular
C03961,Female,26,Dammam,New
C03962,Male,35,Abha,Regular
C03963,Male,44,Tabuk,Premium
C03964,Female,24,Jeddah,Premium
C03965,Male,44,Jeddah,Regular
C03966,Female,43,Khobar,Occasional
C03967,Male,36,Dammam,Regular
C03968,Male,52,Dammam,Occasional
C03969,Female,37,Madinah,Premium
C03970,Male,18,Makkah,New
C03971,Female,20,Jeddah,Occasional
C03972,Male,35,Jeddah,New
C03973,Male,34,Dammam,New
C03974,Female,19,Jeddah,Regular
C03975,Male,31,Jeddah,Regular
C03976,Female,40,Riyadh,Occasional
C03977,Male,26,Riyadh,Regular
C03978,Male,38,Jeddah,Regular
C03979,Male,36,Madinah,Regular
C03980,Male,25,Riyadh,Regular
C03981,Female,47,Dammam,Occasional
C03982,Female,38,Jeddah,Regular
C03983,Male,44,Riyadh,Premium
C03984,Male,39,Abha,Occasional
C03985,Female,22,Madinah,Premium
C03986,Female,41,Riyadh,New
C03987,Male,34,Khobar,Regular
C03988,Male,62,Jeddah,Occasional
C03989,Male,53,Tabuk,Regular
C03990,Female,41,Jeddah,Premium
C03991,Male,29,Riyadh,Regular
C03992,Male,33,Dammam,Regular
C03993,Female,32,Madinah,New
C03994,Male,44,Riyadh,Occasional
C03995,Male,33,Khobar,Premium
C03996,Male,44,Riyadh,Regular
C03997,Male,32,Abha,Regular
C03998,Male,60,Riyadh,Regular
C03999,Male,21,Abha,Regular
C04000,Male,63,Jeddah,New
C04001,Female,70,Jeddah,Regular
C04002,Female,43,Tabuk,Occasional
C04003,Female,44,Tabuk,Occasional
C04004,Male,34,Khobar,Occasional
C04005,Male,43,Riyadh,Regular
C04006,Male,34,Jeddah,Occasional
C04007,Male,27,Dammam,New
C04008,Male,37,Jeddah,Regular
C04009,Female,40,Dammam,Regular
C04010,Male,40,Riyadh,New
C04011,Male,30,Khobar,Occasional
C04012,Male,29,Khobar,Regular
C04013,Female,23,Riyadh,Occasional
C04014,Male,22,Dammam,Regular
C04015,Female,26,Dammam,Regular
C04016,Male,23,Khobar,Regular
C04017,Female,24,Riyadh,Regular
C04018,Female,48,Dammam,Occasional
C04019,Male,23,Riyadh,Occasional
C04020,Male,37,Jeddah,New
C04021,Male,32,Makkah,Regular
C04022,Male,48,Khobar,Occasional
C04023,Female,38,Riyadh,Regular
C04024,Female,32,Dammam,Regular
C04025,Female,35,Tabuk,New
C04026,Female,33,Riyadh,Regular
C04027,Male,41,Madinah,Regular
C04028,Male,24,Khobar,Regular
C04029,Female,66,Makkah,Regular
C04030,Male,26,Riyadh,Occasional
C04031,Female,30,Riyadh,New
C04032,Male,42,Abha,Occasional
C04033,Male,29,Jeddah,New
C04034,Female,50,Riyadh,Occasional
C04035,Male,44,Dammam,New
C04036,Female,42,Riyadh,Premium
C04037,Female,22,Makkah,New
C04038,Female,50,Khobar,Regular
C04039,Female,53,Madinah,New
C04040,Female,33,Makkah,Premium
C04041,Female,18,Riyadh,Occasional
C04042,Male,30,Jeddah,Occasional
C04043,Male,66,Makkah,New
C04044,Female,33,Jeddah,Occasional
C04045,Male,37,Tabuk,Regular
C04046,Male,22,Makkah,Occasional
C04047,Male,26,Riyadh,Regular
C04048,Female,42,Madinah,Regular
C04049,Female,65,Riyadh,Regular
C04050,Male,38,Riyadh,Regular
C04051,Female,50,Makkah,Regular
C04052,Female,40,Madinah,New
C04053,Female,22,Dammam,New
C04054,Female,25,Riyadh,Premium
C04055,Female,41,Jeddah,Premium
C04056,Male,64,Jeddah,Regular
C04057,Female,52,Jeddah,Regular
C04058,Male,25,Riyadh,Premium
C04059,Female,34,Dammam,Regular
C04060,Female,31,Abha,Occasional
C04061,Male,58,Jeddah,Occasional
C04062,Male,50,Riyadh,Regular
C04063,Female,53,Madinah,Regular
C04064,Male,29,Makkah,Occasional
C04065,Female,42,Abha,Occasional
C04066,Male,39,Riyadh,Regular
C04067,Male,26,Riyadh,Premium
C04068,Female,38,Dammam,Regular
C04069,Female,23,Dammam,Regular
C04070,Female,19,Jeddah,Regular
C04071,Male,51,Dammam,Regular
C04072,Female,51,Riyadh,Regular
C04073,Female,27,Jeddah,Regular
C04074,Female,41,Khobar,Occasional
C04075,Female,25,Jeddah,Premium
C04076,Female,45,Khobar,Occasional
C04077,Male,53,Jeddah,Regular
C04078,Male,50,Jeddah,Premium
C04079,Female,39,Jeddah,New
C04080,Male,30,Jeddah,Occasional
C04081,Female,30,Riyadh,Premium
C04082,Male,35,Khobar,Occasional
C04083,Female,29,Madinah,Occasional
C04084,Female,53,Jeddah,Regular
C04085,Male,28,Riyadh,Regular
C04086,Male,20,Tabuk,New
C04087,Male,25,Riyadh,Regular
C04088,Female,68,Riyadh,Regular
C04089,Female,26,Jeddah,Regular
C04090,Male,37,Makkah,Occasional
C04091,Female,28,Riyadh,New
C04092,Male,24,Dammam,Occasional
C04093,Male,40,Jeddah,Occasional
C04094,Female,42,Riyadh,New
C04095,Male,43,Jeddah,Occasional
C04096,Male,50,Makkah,Occasional
C04097,Male,31,Dammam,New
C04098,Male,21,Riyadh,Premium
C04099,Male,56,Riyadh,Occasional
C04100,Male,33,Khobar,Occasional
C04101,Female,43,Makkah,New
C04102,Male,48,Jeddah,New
C04103,Male,27,Dammam,Occasional
C04104,Male,44,Riyadh,New
C04105,Male,23,Jeddah,Regular
C04106,Female,30,Riyadh,Premium
C04107,Female,23,Makkah,Premium
C04108,Male,47,Jeddah,Regular
C04109,Female,25,Makkah,Regular
C04110,Female,38,Khobar,Regular
C04111,Female,55,Madinah,Regular
C04112,Male,36,Riyadh,New
C04113,Male,37,Riyadh,Regular
C04114,Male,42,Tabuk,New
C04115,Female,34,Khobar,New
C04116,Male,38,Madinah,Regular
C04117,Female,38,Riyadh,Regular
C04118,Male,67,Jeddah,Occasional
C04119,Male,64,Makkah,Occasional
C04120,Female,53,Riyadh,Regular
C04121,Male,51,Dammam,Regular
C04122,Male,36,Jeddah,Regular
C04123,Female,37,Riyadh,Regular
C04124,Female,48,Riyadh,Regular
C04125,Female,28,Riyadh,Regular
C04126,Female,64,Riyadh,Occasional
C04127,Female,32,Dammam,New
C04128,Female,44,Riyadh,Occasional
C04129,Male,44,Riyadh,New
C04130,Male,60,Madinah,Occasional
C04131,Male,27,Jeddah,Occasional
C04132,Male,53,Jeddah,Regular
C04133,Female,44,Makkah,Regular
C04134,Female,32,Abha,Occasional
C04135,Female,53,Riyadh,New
C04136,Male,39,Jeddah,Regular
C04137,Female,37,Dammam,Premium
C04138,Male,28,Jeddah,Occasional
C04139,Female,39,Makkah,Regular
C04140,Female,43,Tabuk,Premium
C04141,Male,33,Abha,Occasional
C04142,Male,27,Riyadh,Regular
C04143,Male,61,Riyadh,Occasional
C04144,Female,40,Abha,New
C04145,Female,48,Jeddah,Regular
C04146,Female,29,Riyadh,Regular
C04147,Male,34,Khobar,Regular
C04148,Male,26,Riyadh,Regular
C04149,Female,31,Riyadh,Occasional
C04150,Female,38,Madinah,Regular
C04151,Male,36,Riyadh,Regular
C04152,Male,40,Riyadh,Premium
C04153,Female,20,Riyadh,Regular
C04154,Male,36,Dammam,Regular
C04155,Male,34,Riyadh,Occasional
C04156,Male,19,Jeddah,Regular
C04157,Male,61,Dammam,Regular
C04158,Female,35,Madinah,Regular
C04159,Female,41,Riyadh,New
C04160,Female,34,Makkah,Regular
C04161,Male,59,Riyadh,Occasional
C04162,Male,35,Khobar,Occasional
C04163,Male,50,Jeddah,Occasional
C04164,Male,31,Riyadh,Regular
C04165,Female,55,Khobar,New
C04166,Male,53,Riyadh,Occasional
C04167,Male,51,Riyadh,Occasional
C04168,Male,25,Jeddah,Regular
C04169,Male,27,Khobar,Occasional
C04170,Male,29,Riyadh,Occasional
C04171,Male,28,Riyadh,Regular
C04172,Female,46,Riyadh,Regular
C04173,Male,24,Jeddah,Occasional
C04174,Male,18,Jeddah,Premium
C04175,Female,28,Riyadh,Occasional
C04176,Female,31,Riyadh,Premium
C04177,Female,28,Jeddah,Regular
C04178,Female,53,Makkah,Occasional
C04179,Male,42,Khobar,Premium
C04180,Male,22,Madinah,New
C04181,Male,25,Riyadh,New
C04182,Female,33,Tabuk,Occasional
C04183,Female,19,Jeddah,Occasional
C04184,Male,40,Tabuk,New
C04185,Male,44,Riyadh,Regular
C04186,Female,39,Jeddah,Occasional
C04187,Male,44,Jeddah,Regular
C04188,Female,22,Jeddah,Regular
C04189,Female,69,Madinah,Occasional
C04190,Female,52,Makkah,Occasional
C04191,Female,65,Tabuk,Premium
C04192,Female,20,Dammam,Regular
C04193,Male,60,Jeddah,Occasional
C04194,Female,50,Riyadh,Regular
C04195,Female,54,Tabuk,Occasional
C04196,Male,20,Dammam,Occasional
C04197,Male,51,Khobar,Regular
C04198,Male,65,Jeddah,Regular
C04199,Male,38,Dammam,Occasional
C04200,Female,39,Abha,Regular
C04201,Female,63,Riyadh,Regular
C04202,Male,30,Riyadh,Regular
C04203,Male,44,Riyadh,Regular
C04204,Female,38,Makkah,Regular
C04205,Male,62,Riyadh,Regular
C04206,Male,18,Riyadh,Occasional
C04207,Female,44,Riyadh,Occasional
C04208,Male,39,Jeddah,Occasional
C04209,Male,46,Jeddah,Regular
C04210,Male,40,Riyadh,Regular
C04211,Male,65,Abha,Occasional
C04212,Female,69,Abha,Occasional
C04213,Male,21,Riyadh,Occasional
C04214,Male,32,Makkah,Occasional
C04215,Female,22,Dammam,Occasional
C04216,Female,29,Riyadh,Premium
C04217,Male,35,Riyadh,Occasional
C04218,Male,62,Jeddah,Occasional
C04219,Female,53,Jeddah,New
C04220,Male,18,Riyadh,Occasional
C04221,Male,19,Makkah,Occasional
C04222,Female,36,Jeddah,Regular
C04223,Female,38,Khobar,New
C04224,Female,26,Riyadh,New
C04225,Female,46,Dammam,Occasional
C04226,Female,64,Jeddah,Occasional
C04227,Male,27,Dammam,Premium
C04228,Female,52,Makkah,Occasional
C04229,Male,28,Makkah,Occasional
C04230,Male,51,Jeddah,Occasional
C04231,Female,44,Khobar,Regular
C04232,Female,20,Abha,Occasional
C04233,Male,64,Dammam,Regular
C04234,Female,37,Riyadh,Occasional
C04235,Male,46,Khobar,Regular
C04236,Male,30,Riyadh,Occasional
C04237,Male,23,Madinah,Regular
C04238,Female,18,Jeddah,Premium
C04239,Female,41,Jeddah,Occasional
C04240,Male,38,Riyadh,Regular
C04241,Female,27,Jeddah,Occasional
C04242,Male,42,Abha,New
C04243,Female,36,Riyadh,New
C04244,Male,43,Jeddah,Regular
C04245,Male,42,Abha,Occasional
C04246,Female,70,Jeddah,Regular
C04247,Male,42,Jeddah,New
C04248,Male,37,Dammam,Occasional
C04249,Female,28,Jeddah,Premium
C04250,Female,26,Riyadh,Regular
C04251,Male,19,Riyadh,Regular
C04252,Male,38,Dammam,Occasional
C04253,Male,30,Abha,Regular
C04254,Male,29,Riyadh,Occasional
C04255,Male,45,Riyadh,Occasional
C04256,Female,34,Jeddah,New
C04257,Female,25,Makkah,New
C04258,Male,30,Riyadh,Regular
C04259,Male,47,Madinah,Occasional
C04260,Male,20,Riyadh,Occasional
C04261,Male,41,Abha,New
C04262,Female,35,Dammam,Premium
C04263,Male,35,Khobar,Regular
C04264,Male,44,Jeddah,Regular
C04265,Female,47,Makkah,Regular
C04266,Male,23,Riyadh,Regular
C04267,Female,32,Riyadh,Regular
C04268,Male,25,Jeddah,Occasional
C04269,Female,19,Madinah,Regular
C04270,Female,28,Makkah,Occasional
C04271,Female,33,Jeddah,Premium
C04272,Female,38,Dammam,New
C04273,Male,44,Riyadh,New
C04274,Male,32,Madinah,Occasional
C04275,Female,41,Makkah,New
C04276,Female,27,Khobar,Regular
C04277,Male,31,Jeddah,Occasional
C04278,Male,41,Tabuk,Regular
C04279,Male,19,Madinah,Regular
C04280,Male,20,Khobar,Regular
C04281,Male,26,Jeddah,Occasional
C04282,Female,69,Dammam,Regular
C04283,Male,43,Dammam,Occasional
C04284,Male,24,Jeddah,Regular
C04285,Female,45,Jeddah,New
C04286,Female,51,Jeddah,Occasional
C04287,Female,38,Dammam,Regular
C04288,Female,46,Jeddah,Regular
C04289,Male,26,Riyadh,Occasional
C04290,Female,32,Makkah,Regular
C04291,Male,41,Dammam,Regular
C04292,Male,41,Riyadh,Occasional
C04293,Female,39,Jeddah,Regular
C04294,Female,44,Madinah,Regular
C04295,Male,62,Makkah,Regular
C04296,Male,68,Jeddah,Regular
C04297,Male,46,Abha,Regular
C04298,Male,46,Riyadh,Premium
C04299,Male,59,Tabuk,Regular
C04300,Female,24,Riyadh,Regular
C04301,Male,25,Riyadh,New
C04302,Female,40,Jeddah,Occasional
C04303,Female,48,Jeddah,Occasional
C04304,Female,40,Dammam,Premium
C04305,Female,51,Makkah,Regular
C04306,Male,22,Madinah,Occasional
C04307,Male,27,Jeddah,Occasional
C04308,Female,52,Jeddah,Regular
C04309,Female,31,Riyadh,Regular
C04310,Female,25,Riyadh,Regular
C04311,Male,30,Khobar,Occasional
C04312,Female,31,Riyadh,Premium
C04313,Male,38,Makkah,Occasional
C04314,Female,26,Dammam,Occasional
C04315,Female,44,Riyadh,New
C04316,Male,18,Dammam,Occasional
C04317,Female,51,Riyadh,Regular
C04318,Male,25,Jeddah,Occasional
C04319,Male,42,Makkah,Occasional
C04320,Male,37,Jeddah,Occasional
C04321,Female,28,Riyadh,Occasional
C04322,Female,49,Makkah,New
C04323,Female,35,Riyadh,Premium
C04324,Male,30,Makkah,Regular
C04325,Female,34,Jeddah,Occasional
C04326,Female,60,Jeddah,Regular
C04327,Male,46,Madinah,Premium
C04328,Female,34,Khobar,Regular
C04329,Male,30,Riyadh,Occasional
C04330,Female,52,Riyadh,Regular
C04331,Male,40,Madinah,Occasional
C04332,Male,48,Riyadh,Premium
C04333,Male,28,Dammam,Regular
C04334,Female,43,Makkah,Regular
C04335,Male,30,Dammam,Premium
C04336,Male,32,Makkah,Occasional
C04337,Female,42,Makkah,New
C04338,Female,61,Khobar,Occasional
C04339,Male,27,Madinah,Regular
C04340,Male,44,Khobar,Regular
C04341,Male,35,Jeddah,Regular
C04342,Male,39,Jeddah,Regular
C04343,Female,54,Khobar,Regular
C04344,Female,54,Madinah,Occasional
C04345,Female,24,Riyadh,Premium
C04346,Male,56,Jeddah,Regular
C04347,Female,54,Abha,New
C04348,Female,46,Dammam,Regular
C04349,Female,41,Riyadh,New
C04350,Female,47,Khobar,New
C04351,Female,22,Tabuk,Regular
C04352,Female,32,Madinah,Regular
C04353,Male,53,Makkah,Occasional
C04354,Female,32,Riyadh,Regular
C04355,Male,23,Madinah,Regular
C04356,Female,49,Dammam,Occasional
C04357,Male,47,Madinah,Regular
C04358,Female,27,Jeddah,Regular
C04359,Female,51,Riyadh,Occasional
C04360,Male,39,Jeddah,Occasional
C04361,Male,40,Riyadh,Regular
C04362,Female,50,Khobar,Regular
C04363,Female,33,Abha,Regular
C04364,Male,25,Khobar,Regular
C04365,Male,32,Madinah,Occasional
C04366,Female,44,Jeddah,Occasional
C04367,Male,39,Makkah,Occasional
C04368,Male,50,Madinah,Premium
C04369,Male,50,Khobar,Regular
C04370,Male,35,Jeddah,Regular
C04371,Male,47,Dammam,Regular
C04372,Male,30,Khobar,Regular
C04373,Male,23,Riyadh,Regular
C04374,Male,53,Makkah,Premium
C04375,Male,23,Abha,Occasional
C04376,Male,30,Jeddah,Occasional
C04377,Male,35,Khobar,Occasional
C04378,Female,33,Makkah,Premium
C04379,Male,48,Khobar,New
C04380,Male,26,Dammam,New
C04381,Male,18,Madinah,Regular
C04382,Male,27,Jeddah,Occasional
C04383,Female,37,Riyadh,Occasional
C04384,Female,29,Madinah,Regular
C04385,Female,35,Khobar,Regular
C04386,Female,51,Madinah,Regular
C04387,Female,67,Riyadh,Regular
C04388,Male,25,Riyadh,Regular
C04389,Male,38,Abha,New
C04390,Male,40,Riyadh,Occasional
C04391,Male,69,Makkah,Regular
C04392,Male,55,Madinah,Occasional
C04393,Female,31,Khobar,Occasional
C04394,Male,44,Riyadh,Regular
C04395,Female,31,Khobar,Regular
C04396,Female,20,Madinah,New
C04397,Male,21,Jeddah,Occasional
C04398,Male,40,Jeddah,Regular
C04399,Male,41,Jeddah,Regular
C04400,Male,23,Riyadh,Regular
C04401,Male,38,Madinah,Regular
C04402,Male,34,Madinah,Regular
C04403,Male,43,Tabuk,Occasional
C04404,Male,33,Dammam,Premium
C04405,Female,33,Makkah,Regular
C04406,Female,34,Riyadh,Regular
C04407,Female,30,Khobar,Premium
C04408,Male,36,Khobar,New
C04409,Male,26,Abha,Regular
C04410,Female,38,Madinah,Occasional
C04411,Male,33,Abha,Regular
C04412,Male,37,Madinah,Regular
C04413,Female,50,Madinah,Occasional
C04414,Female,19,Riyadh,Regular
C04415,Male,35,Madinah,Occasional
C04416,Male,21,Dammam,Regular
C04417,Male,39,Jeddah,Occasional
C04418,Male,32,Riyadh,Occasional
C04419,Male,44,Khobar,Occasional
C04420,Male,44,Jeddah,Occasional
C04421,Male,56,Jeddah,Occasional
C04422,Female,44,Khobar,New
C04423,Female,43,Abha,Regular
C04424,Female,32,Madinah,Occasional
C04425,Male,57,Jeddah,Premium
C04426,Male,45,Jeddah,Regular
C04427,Male,28,Riyadh,Regular
C04428,Male,52,Jeddah,Occasional
C04429,Male,27,Riyadh,Regular
C04430,Female,54,Tabuk,Occasional
C04431,Female,46,Dammam,Premium
C04432,Male,31,Riyadh,Regular
C04433,Male,38,Jeddah,New
C04434,Female,30,Dammam,Regular
C04435,Male,29,Dammam,Premium
C04436,Male,26,Riyadh,Regular
C04437,Male,44,Abha,Occasional
C04438,Female,26,Riyadh,Regular
C04439,Female,23,Riyadh,Regular
C04440,Male,43,Riyadh,Occasional
C04441,Female,34,Dammam,Regular
C04442,Female,19,Riyadh,Occasional
C04443,Male,32,Riyadh,Regular
C04444,Male,32,Jeddah,Regular
C04445,Male,35,Dammam,Occasional
C04446,Female,18,Riyadh,Occasional
C04447,Male,67,Jeddah,Occasional
C04448,Female,38,Jeddah,Occasional
C04449,Male,26,Riyadh,Regular
C04450,Female,25,Jeddah,Regular
C04451,Male,33,Riyadh,Regular
C04452,Female,37,Riyadh,New
C04453,Female,23,Jeddah,New
C04454,Female,25,Riyadh,New
C04455,Female,46,Riyadh,Premium
C04456,Male,32,Jeddah,Regular
C04457,Female,29,Abha,Occasional
C04458,Male,51,Makkah,Occasional
C04459,Male,40,Makkah,Occasional
C04460,Male,25,Madinah,Occasional
C04461,Male,40,Tabuk,Regular
C04462,Male,20,Makkah,Regular
C04463,Female,51,Dammam,Regular
C04464,Male,38,Jeddah,Premium
C04465,Female,52,Riyadh,Regular
C04466,Male,62,Khobar,Premium
C04467,Male,61,Tabuk,Regular
C04468,Male,70,Jeddah,Occasional
C04469,Female,36,Makkah,New
C04470,Female,30,Jeddah,Occasional
C04471,Female,40,Jeddah,Regular
C04472,Female,41,Jeddah,Regular
C04473,Male,50,Jeddah,Regular
C04474,Male,26,Jeddah,New
C04475,Female,62,Makkah,Regular
C04476,Male,48,Madinah,Regular
C04477,Male,63,Madinah,Occasional
C04478,Male,52,Riyadh,Regular
C04479,Female,27,Madinah,New
C04480,Female,20,Jeddah,Regular
C04481,Male,19,Jeddah,Regular
C04482,Male,33,Makkah,Regular
C04483,Female,38,Jeddah,New
C04484,Female,50,Riyadh,New
C04485,Male,47,Jeddah,Occasional
C04486,Female,37,Makkah,Regular
C04487,Male,20,Jeddah,Regular
C04488,Male,34,Dammam,New
C04489,Female,21,Khobar,Occasional
C04490,Female,26,Makkah,Occasional
C04491,Male,42,Madinah,Regular
C04492,Female,18,Jeddah,Regular
C04493,Female,32,Riyadh,Regular
C04494,Female,34,Jeddah,Occasional
C04495,Female,37,Jeddah,New
C04496,Female,41,Khobar,Regular
C04497,Male,44,Riyadh,Regular
C04498,Male,26,Jeddah,Regular
C04499,Male,58,Makkah,Regular
C04500,Male,30,Khobar,New
C04501,Female,39,Makkah,Regular
C04502,Male,53,Makkah,Occasional
C04503,Male,44,Makkah,Occasional
C04504,Male,58,Khobar,Occasional
C04505,Male,29,Jeddah,New
C04506,Male,38,Tabuk,Occasional
C04507,Female,23,Dammam,New
C04508,Male,42,Riyadh,Regular
C04509,Female,32,Riyadh,Occasional
C04510,Female,27,Khobar,Occasional
C04511,Male,35,Abha,Regular
C04512,Male,40,Riyadh,Occasional
C04513,Male,19,Riyadh,Occasional
C04514,Female,36,Madinah,Occasional
C04515,Female,37,Abha,Regular
C04516,Male,32,Riyadh,Occasional
C04517,Male,37,Jeddah,Regular
C04518,Female,41,Khobar,Occasional
C04519,Male,44,Jeddah,Regular
C04520,Male,34,Madinah,Occasional
C04521,Female,33,Riyadh,Regular
C04522,Female,42,Riyadh,Regular
C04523,Female,55,Riyadh,Regular
C04524,Female,41,Riyadh,Premium
C04525,Female,24,Riyadh,Occasional
C04526,Male,42,Riyadh,Occasional
C04527,Female,54,Makkah,Premium
C04528,Female,22,Riyadh,Premium
C04529,Female,64,Abha,Regular
C04530,Male,63,Jeddah,Occasional
C04531,Male,18,Khobar,Regular
C04532,Male,62,Riyadh,Regular
C04533,Male,30,Riyadh,Regular
C04534,Male,50,Dammam,Regular
C04535,Female,25,Dammam,Regular
C04536,Female,30,Makkah,Regular
C04537,Male,38,Makkah,Occasional
C04538,Female,48,Khobar,Occasional
C04539,Male,23,Jeddah,Premium
C04540,Male,36,Madinah,Occasional
C04541,Male,28,Dammam,Regular
C04542,Male,29,Tabuk,New
C04543,Male,29,Makkah,Regular
C04544,Male,39,Riyadh,Occasional
C04545,Male,28,Jeddah,Occasional
C04546,Female,18,Dammam,Regular
C04547,Male,23,Makkah,New
C04548,Female,19,Dammam,Regular
C04549,Female,42,Makkah,Occasional
C04550,Female,57,Riyadh,Regular
C04551,Female,19,Riyadh,Regular
C04552,Male,63,Riyadh,Occasional
C04553,Male,51,Dammam,Regular
C04554,Female,43,Khobar,Regular
C04555,Male,36,Jeddah,Regular
C04556,Female,53,Dammam,Occasional
C04557,Female,19,Riyadh,Regular
C04558,Female,43,Riyadh,Premium
C04559,Female,43,Khobar,Occasional
C04560,Female,44,Jeddah,Regular
C04561,Female,54,Khobar,Regular
C04562,Male,21,Madinah,Premium
C04563,Female,44,Madinah,Regular
C04564,Male,37,Riyadh,Regular
C04565,Male,30,Jeddah,New
C04566,Female,27,Makkah,Regular
C04567,Male,43,Makkah,Premium
C04568,Male,47,Makkah,Regular
C04569,Male,36,Riyadh,Premium
C04570,Female,52,Riyadh,Occasional
C04571,Male,30,Dammam,Regular
C04572,Female,24,Makkah,Regular
C04573,Male,22,Jeddah,Regular
C04574,Female,24,Riyadh,Occasional
C04575,Female,27,Khobar,Regular
C04576,Male,32,Riyadh,Regular
C04577,Male,44,Riyadh,Occasional
C04578,Male,45,Riyadh,Regular
C04579,Female,18,Jeddah,Occasional
C04580,Female,34,Dammam,Occasional
C04581,Female,32,Jeddah,Regular
C04582,Male,43,Riyadh,Regular
C04583,Female,19,Riyadh,New
C04584,Female,23,Riyadh,Occasional
C04585,Female,59,Khobar,New
C04586,Female,46,Riyadh,Regular
C04587,Male,33,Dammam,Regular
C04588,Male,30,Riyadh,New
C04589,Female,32,Riyadh,Regular
C04590,Female,53,Riyadh,New
C04591,Female,43,Riyadh,Premium
C04592,Male,21,Khobar,New
C04593,Male,54,Jeddah,Regular
C04594,Male,32,Madinah,Premium
C04595,Male,27,Riyadh,New
C04596,Female,27,Riyadh,Regular
C04597,Female,36,Jeddah,Premium
C04598,Male,25,Makkah,Regular
C04599,Male,28,Jeddah,Occasional
C04600,Male,26,Jeddah,New
C04601,Male,23,Jeddah,Regular
C04602,Female,46,Riyadh,Regular
C04603,Female,29,Abha,Regular
C04604,Male,21,Dammam,Occasional
C04605,Female,35,Makkah,Regular
C04606,Female,53,Khobar,Regular
C04607,Female,48,Jeddah,Regular
C04608,Male,39,Riyadh,Occasional
C04609,Female,31,Khobar,New
C04610,Male,46,Riyadh,Regular
C04611,Male,42,Jeddah,Premium
C04612,Male,26,Dammam,Occasional
C04613,Male,65,Makkah,Occasional
C04614,Male,19,Khobar,Regular
C04615,Male,59,Khobar,Premium
C04616,Male,46,Riyadh,Regular
C04617,Female,36,Jeddah,Occasional
C04618,Female,58,Riyadh,Occasional
C04619,Male,38,Khobar,Regular
C04620,Female,32,Abha,Regular
C04621,Female,30,Riyadh,Regular
C04622,Female,19,Riyadh,New
C04623,Male,32,Jeddah,Regular
C04624,Female,51,Madinah,New
C04625,Female,34,Dammam,Occasional
C04626,Female,28,Riyadh,Regular
C04627,Male,36,Tabuk,Regular
C04628,Male,53,Madinah,New
C04629,Female,19,Riyadh,Regular
C04630,Male,25,Abha,New
C04631,Male,32,Jeddah,Regular
C04632,Male,44,Jeddah,Occasional
C04633,Female,24,Jeddah,Occasional
C04634,Female,43,Madinah,New
C04635,Male,25,Khobar,Regular
C04636,Female,31,Riyadh,Occasional
C04637,Male,56,Abha,Premium
C04638,Female,23,Riyadh,Regular
C04639,Female,29,Makkah,Regular
C04640,Female,18,Dammam,Premium
C04641,Female,36,Riyadh,Regular
C04642,Male,36,Riyadh,Regular
C04643,Female,34,Madinah,New
C04644,Male,19,Jeddah,Occasional
C04645,Female,30,Khobar,Regular
C04646,Female,35,Jeddah,New
C04647,Female,48,Makkah,Regular
C04648,Male,44,Jeddah,Regular
C04649,Female,39,Riyadh,Occasional
C04650,Male,26,Jeddah,Premium
C04651,Male,26,Madinah,Occasional
C04652,Female,31,Jeddah,Premium
C04653,Male,31,Riyadh,Regular
C04654,Female,30,Abha,Regular
C04655,Male,35,Makkah,New
C04656,Male,37,Riyadh,Occasional
C04657,Female,63,Tabuk,Occasional
C04658,Male,34,Khobar,Occasional
C04659,Male,35,Riyadh,Regular
C04660,Female,46,Riyadh,Occasional
C04661,Male,42,Khobar,Regular
C04662,Female,31,Makkah,Regular
C04663,Male,33,Riyadh,Occasional
C04664,Female,19,Riyadh,Regular
C04665,Female,28,Jeddah,Regular
C04666,Female,48,Dammam,Occasional
C04667,Male,24,Riyadh,Occasional
C04668,Female,25,Riyadh,Occasional
C04669,Female,44,Khobar,Regular
C04670,Female,53,Makkah,Regular
C04671,Male,36,Jeddah,Occasional
C04672,Female,35,Jeddah,Occasional
C04673,Female,31,Jeddah,Regular
C04674,Male,30,Jeddah,New
C04675,Male,27,Abha,New
C04676,Female,35,Makkah,Regular
C04677,Male,66,Riyadh,Occasional
C04678,Female,22,Jeddah,Regular
C04679,Female,44,Dammam,Regular
C04680,Female,28,Dammam,Premium
C04681,Male,39,Jeddah,Occasional
C04682,Male,18,Makkah,New
C04683,Female,25,Makkah,Occasional
C04684,Male,49,Jeddah,Occasional
C04685,Female,40,Madinah,Regular
C04686,Male,39,Makkah,Regular
C04687,Male,26,Makkah,Regular
C04688,Male,33,Abha,Regular
C04689,Male,29,Riyadh,Occasional
C04690,Female,49,Riyadh,Regular
C04691,Male,64,Madinah,Occasional
C04692,Male,33,Makkah,Regular
C04693,Male,27,Abha,Regular
C04694,Male,49,Riyadh,Premium
C04695,Male,29,Dammam,New
C04696,Female,36,Riyadh,Premium
C04697,Male,28,Jeddah,Premium
C04698,Male,46,Riyadh,Occasional
C04699,Male,39,Riyadh,New
C04700,Female,54,Riyadh,Occasional
C04701,Male,46,Dammam,Premium
C04702,Male,34,Jeddah,Regular
C04703,Female,43,Riyadh,New
C04704,Female,54,Jeddah,Occasional
C04705,Male,30,Riyadh,Occasional
C04706,Male,32,Abha,Regular
C04707,Female,18,Jeddah,Premium
C04708,Male,42,Jeddah,Premium
C04709,Female,29,Madinah,Occasional
C04710,Female,39,Khobar,Premium
C04711,Male,30,Khobar,New
C04712,Male,45,Dammam,Regular
C04713,Male,32,Abha,Occasional
C04714,Female,26,Riyadh,Regular
C04715,Male,40,Tabuk,Regular
C04716,Male,43,Madinah,Premium
C04717,Female,27,Dammam,Occasional
C04718,Female,26,Khobar,Occasional
C04719,Male,34,Khobar,Premium
C04720,Female,39,Riyadh,Occasional
C04721,Male,53,Riyadh,Regular
C04722,Male,40,Tabuk,New
C04723,Male,42,Dammam,New
C04724,Male,52,Jeddah,New
C04725,Male,24,Makkah,Premium
C04726,Male,59,Dammam,Regular
C04727,Female,46,Riyadh,New
C04728,Female,34,Makkah,Regular
C04729,Female,34,Makkah,Regular
C04730,Male,22,Riyadh,Occasional
C04731,Male,21,Abha,Regular
C04732,Male,51,Riyadh,Occasional
C04733,Female,41,Jeddah,Occasional
C04734,Female,46,Riyadh,Occasional
C04735,Male,51,Dammam,Regular
C04736,Male,40,Jeddah,Regular
C04737,Male,41,Jeddah,Regular
C04738,Male,20,Madinah,Regular
C04739,Male,32,Riyadh,Regular
C04740,Female,38,Makkah,Regular
C04741,Female,18,Dammam,Regular
C04742,Male,20,Tabuk,Regular
C04743,Male,47,Dammam,Occasional
C04744,Female,39,Riyadh,Regular
C04745,Male,27,Riyadh,Regular
C04746,Male,39,Madinah,Occasional
C04747,Male,52,Madinah,Occasional
C04748,Male,25,Jeddah,Regular
C04749,Male,19,Dammam,Occasional
C04750,Female,56,Jeddah,Regular
C04751,Male,28,Tabuk,Regular
C04752,Male,18,Abha,New
C04753,Female,36,Tabuk,New
C04754,Male,53,Madinah,Occasional
C04755,Female,31,Abha,Occasional
C04756,Female,34,Riyadh,New
C04757,Male,32,Madinah,New
C04758,Female,55,Khobar,Regular
C04759,Male,29,Tabuk,Occasional
C04760,Female,43,Dammam,Regular
C04761,Male,66,Riyadh,Premium
C04762,Female,21,Dammam,Regular
C04763,Female,56,Khobar,Occasional
C04764,Male,60,Riyadh,Occasional
C04765,Male,46,Jeddah,New
C04766,Female,27,Dammam,Premium
C04767,Female,42,Jeddah,Regular
C04768,Male,47,Jeddah,Regular
C04769,Female,56,Riyadh,Regular
C04770,Male,30,Abha,New
C04771,Male,47,Makkah,Regular
C04772,Male,25,Riyadh,Occasional
C04773,Male,27,Makkah,Premium
C04774,Female,30,Makkah,Regular
C04775,Male,47,Riyadh,Occasional
C04776,Female,43,Jeddah,Regular
C04777,Male,41,Dammam,Regular
C04778,Male,68,Jeddah,Premium
C04779,Male,29,Makkah,Occasional
C04780,Male,36,Jeddah,New
C04781,Male,33,Riyadh,Occasional
C04782,Male,29,Tabuk,New
C04783,Female,41,Riyadh,Occasional
C04784,Male,63,Khobar,New
C04785,Male,38,Riyadh,Occasional
C04786,Male,53,Jeddah,Regular
C04787,Female,18,Jeddah,Regular
C04788,Female,30,Riyadh,Occasional
C04789,Male,36,Jeddah,Regular
C04790,Male,22,Riyadh,Premium
C04791,Male,27,Dammam,New
C04792,Female,36,Khobar,Premium
C04793,Male,24,Riyadh,New
C04794,Male,33,Madinah,Occasional
C04795,Male,42,Riyadh,Regular
C04796,Male,38,Riyadh,Occasional
C04797,Male,70,Khobar,Occasional
C04798,Female,36,Jeddah,Regular
C04799,Male,26,Jeddah,Occasional
C04800,Female,56,Riyadh,Occasional
C04801,Male,50,Makkah,Regular
C04802,Male,31,Dammam,Premium
C04803,Female,21,Riyadh,Regular
C04804,Male,40,Jeddah,Regular
C04805,Female,36,Makkah,Premium
C04806,Male,48,Dammam,Occasional
C04807,Male,47,Riyadh,Regular
C04808,Female,38,Jeddah,New
C04809,Male,59,Riyadh,Regular
C04810,Female,41,Jeddah,Regular
C04811,Male,23,Madinah,Occasional
C04812,Female,53,Jeddah,New
C04813,Male,26,Jeddah,Regular
C04814,Male,52,Abha,Regular
C04815,Female,57,Dammam,New
C04816,Female,43,Dammam,Regular
C04817,Female,44,Riyadh,Premium
C04818,Female,38,Dammam,Regular
C04819,Female,27,Dammam,Occasional
C04820,Male,34,Jeddah,Premium
C04821,Male,40,Tabuk,Occasional
C04822,Male,54,Madinah,Occasional
C04823,Male,43,Makkah,New
C04824,Male,31,Dammam,Regular
C04825,Male,38,Jeddah,Regular
C04826,Male,47,Riyadh,Regular
C04827,Female,44,Jeddah,Regular
C04828,Male,38,Makkah,Occasional
C04829,Male,47,Jeddah,Occasional
C04830,Male,37,Madinah,Occasional
C04831,Female,33,Riyadh,Occasional
C04832,Female,48,Jeddah,New
C04833,Female,33,Khobar,Regular
C04834,Male,66,Jeddah,New
C04835,Male,24,Madinah,Regular
C04836,Male,19,Tabuk,Occasional
C04837,Male,49,Riyadh,Regular
C04838,Male,31,Riyadh,Occasional
C04839,Male,39,Riyadh,Regular
C04840,Male,45,Khobar,Occasional
C04841,Female,46,Jeddah,New
C04842,Female,65,Makkah,Occasional
C04843,Male,29,Jeddah,Occasional
C04844,Male,40,Dammam,Premium
C04845,Male,24,Makkah,Regular
C04846,Male,26,Dammam,New
C04847,Female,54,Dammam,Occasional
C04848,Male,33,Riyadh,Occasional
C04849,Female,40,Jeddah,Regular
C04850,Male,36,Dammam,Premium
C04851,Female,36,Jeddah,Regular
C04852,Male,57,Abha,Regular
C04853,Female,18,Abha,Regular
C04854,Male,43,Madinah,Regular
C04855,Female,54,Jeddah,Regular
C04856,Male,38,Khobar,Occasional
C04857,Male,22,Jeddah,Regular
C04858,Female,41,Riyadh,Occasional
C04859,Female,25,Jeddah,New
C04860,Female,27,Riyadh,Regular
C04861,Female,47,Jeddah,New
C04862,Female,36,Jeddah,New
C04863,Male,62,Abha,Premium
C04864,Male,49,Jeddah,Premium
C04865,Male,35,Abha,Regular
C04866,Female,21,Riyadh,Occasional
C04867,Male,26,Riyadh,Regular
C04868,Male,25,Jeddah,Regular
C04869,Female,69,Khobar,Occasional
C04870,Female,30,Riyadh,Premium
C04871,Male,33,Riyadh,New
C04872,Male,41,Jeddah,Regular
C04873,Male,29,Jeddah,New
C04874,Male,27,Khobar,Regular
C04875,Male,42,Jeddah,Regular
C04876,Female,19,Riyadh,Regular
C04877,Female,21,Madinah,New
C04878,Female,33,Riyadh,Premium
C04879,Male,39,Makkah,Occasional
C04880,Female,40,Makkah,New
C04881,Male,29,Tabuk,Occasional
C04882,Male,44,Jeddah,Regular
C04883,Female,31,Dammam,New
C04884,Male,61,Jeddah,New
C04885,Male,18,Khobar,Regular
C04886,Female,36,Jeddah,Occasional
C04887,Male,51,Jeddah,New
C04888,Female,52,Madinah,New
C04889,Male,28,Riyadh,Regular
C04890,Female,30,Madinah,Occasional
C04891,Male,44,Madinah,Regular
C04892,Male,20,Jeddah,Regular
C04893,Female,51,Jeddah,Regular
C04894,Male,37,Jeddah,Regular
C04895,Male,41,Tabuk,Occasional
C04896,Male,21,Riyadh,Regular
C04897,Male,42,Dammam,Regular
C04898,Male,37,Khobar,Regular
C04899,Male,46,Abha,Regular
C04900,Female,21,Makkah,New
C04901,Male,23,Khobar,New
C04902,Male,28,Riyadh,Regular
C04903,Male,22,Jeddah,New
C04904,Male,36,Riyadh,Regular
C04905,Female,58,Madinah,Occasional
C04906,Male,26,Makkah,New
C04907,Female,46,Makkah,Regular
C04908,Male,19,Khobar,Occasional
C04909,Female,25,Jeddah,Regular
C04910,Male,21,Riyadh,Regular
C04911,Female,26,Jeddah,Occasional
C04912,Female,63,Riyadh,New
C04913,Male,18,Makkah,Regular
C04914,Male,41,Riyadh,New
C04915,Male,40,Khobar,New
C04916,Female,66,Khobar,Regular
C04917,Male,20,Jeddah,Regular
C04918,Male,31,Riyadh,Occasional
C04919,Female,18,Jeddah,Regular
C04920,Male,33,Jeddah,Premium
C04921,Female,28,Khobar,New
C04922,Female,50,Riyadh,Occasional
C04923,Female,40,Madinah,Regular
C04924,Female,37,Makkah,Occasional
C04925,Male,38,Riyadh,Premium
C04926,Male,22,Khobar,Regular
C04927,Male,34,Khobar,New
C04928,Male,57,Makkah,New
C04929,Female,50,Riyadh,Regular
C04930,Female,45,Riyadh,Regular
C04931,Male,52,Riyadh,Occasional
C04932,Male,18,Jeddah,Regular
C04933,Female,30,Makkah,Premium
C04934,Male,18,Makkah,Regular
C04935,Male,27,Abha,Occasional
C04936,Male,24,Riyadh,Premium
C04937,Female,35,Riyadh,Premium
C04938,Female,39,Khobar,Regular
C04939,Female,47,Riyadh,Regular
C04940,Female,46,Jeddah,Regular
C04941,Male,57,Dammam,Regular
C04942,Male,18,Riyadh,Regular
C04943,Female,20,Khobar,New
C04944,Male,42,Jeddah,Regular
C04945,Female,27,Dammam,Regular
C04946,Female,26,Madinah,New
C04947,Female,29,Riyadh,Occasional
C04948,Female,25,Abha,Occasional
C04949,Female,38,Dammam,Regular
C04950,Female,32,Abha,Premium
C04951,Male,35,Riyadh,Occasional
C04952,Male,39,Dammam,Occasional
C04953,Male,28,Jeddah,Regular
C04954,Female,30,Makkah,Regular
C04955,Male,31,Dammam,New
C04956,Female,33,Jeddah,Regular
C04957,Male,45,Abha,Regular
C04958,Female,54,Jeddah,Regular
C04959,Male,38,Riyadh,Occasional
C04960,Female,30,Dammam,Occasional
C04961,Male,44,Dammam,Occasional
C04962,Male,41,Jeddah,Regular
C04963,Male,41,Jeddah,Premium
C04964,Female,42,Abha,Regular
C04965,Male,44,Makkah,Occasional
C04966,Male,42,Riyadh,Occasional
C04967,Female,42,Riyadh,New
C04968,Female,21,Tabuk,Regular
C04969,Female,52,Makkah,Occasional
C04970,Male,23,Abha,Regular
C04971,Male,18,Jeddah,Regular
C04972,Female,57,Makkah,Regular
C04973,Male,60,Khobar,Regular
C04974,Female,22,Riyadh,New
C04975,Male,32,Dammam,Regular
C04976,Male,28,Dammam,New
C04977,Male,38,Jeddah,Regular
C04978,Male,54,Madinah,Regular
C04979,Male,65,Madinah,Regular
C04980,Male,44,Madinah,Regular
C04981,Female,29,Makkah,Regular
C04982,Male,40,Jeddah,Premium
C04983,Female,28,Jeddah,Regular
C04984,Female,56,Madinah,New
C04985,Female,46,Jeddah,Occasional
C04986,Male,37,Riyadh,Occasional
C04987,Female,26,Jeddah,Regular
C04988,Female,25,Riyadh,Regular
C04989,Female,23,Khobar,Regular
C04990,Female,52,Jeddah,New
C04991,Female,39,Riyadh,Regular
C04992,Female,34,Abha,Regular
C04993,Male,35,Makkah,Occasional
C04994,Female,53,Makkah,Regular
C04995,Male,21,Dammam,Occasional
C04996,Female,52,Madinah,Regular
C04997,Male,54,Makkah,Regular
C04998,Male,70,Dammam,Occasional
C04999,Female,31,Tabuk,Regular
C05000,Female,31,Riyadh,Regular
